<?xml version="1.0" encoding="UTF-8"?>
<includes>
	<include name="MenuBarImage">
		<control type="image">
			<width>ScreenWidth</width>
			<height>40</height>
			<texture border="0,0,0,8">gui/menu-bar-background.png</texture>
			<aspectratio>stretch</aspectratio>
			<animation effect="fade" end="80" condition="true">Conditional</animation>
		</control>
		
		<control type="button">
			<top>-45</top>
			<width>ScreenWidth</width>
			<height>95</height>
			<texturefocus />
			<texturenofocus />
		</control>
	</include>
	
	<include name="MenuBarIconBtn">
		<width>30</width>
		<height>MenuBarHeight</height>
		<aspectratio>keep</aspectratio>
		<pulseonselect>false</pulseonselect>
		<include>MenuBarBtnFocusAnim</include>
	</include>
	
	<include name="MenuBarBtn">
		<width>160</width>
		<height>MenuBarHeight</height>
		<font>MenuBarBtnFont</font>
		<textcolor>ButtonColor</textcolor>
		<focusedcolor>ButtonFocusColor</focusedcolor>
		<aligny>top</aligny>
		<textoffsety>9</textoffsety>
		<textoffsetx>13</textoffsetx>
		<textwidth>134</textwidth>
		<texturefocus border="4">gui/menu-bar-button-focus.png</texturefocus>
		<texturenofocus />
	</include>
	
	<include name="MenuBarBigBtn">
		<width>200</width>
		<height>MenuBarHeight</height>
		<font>MenuBarBtnFont</font>
		<textcolor>ButtonColor</textcolor>
		<focusedcolor>ButtonFocusColor</focusedcolor>
		<aligny>top</aligny>
		<textoffsety>9</textoffsety>
		<textoffsetx>13</textoffsetx>
		<textwidth>174</textwidth>
		<texturefocus border="4">gui/menu-bar-button-focus.png</texturefocus>
		<texturenofocus />
	</include>
	
	<include name="MenuBarRadioBtn">
		<width>185</width>
		<height>MenuBarHeight</height>
		<font>MenuBarBtnFont</font>
		<focusedcolor>ButtonFocusColor</focusedcolor>
		<textcolor>ButtonColor</textcolor>
		<disabledcolor>DisabledColor</disabledcolor>
		<textwidth>121</textwidth>
		<aligny>top</aligny>
		<textoffsety>9</textoffsety>
		<textoffsetx>11</textoffsetx>
		<radiowidth>35</radiowidth>
		<radioheight>15</radioheight>
		<texturefocus border="4">gui/menu-bar-button-focus.png</texturefocus>
		<texturenofocus />
	</include>
	
	<include name="MenuBarArrowBtn">
		<width>200</width>
		<height>MenuBarHeight</height>
		<font>MenuBarBtnFont</font>
		<textcolor>ButtonColor</textcolor>
		<focusedcolor>ButtonFocusColor</focusedcolor>
		<align>left</align>
		<aligny>top</aligny>
		<textoffsety>9</textoffsety>
		<textoffsetx>13</textoffsetx>
		<textwidth>149</textwidth>
		<texturefocus border="4,4,32,4">gui/menu-bar-button-arrow-focus.png</texturefocus>
		<texturenofocus border="4,4,32,4">gui/menu-bar-button-arrow-nofocus.png</texturenofocus>
	</include>

	<include name="MenuBarSettingsBtn">
		<width>156</width>
		<height>MenuBarHeight</height>
		<font>MenuBarBtnFont</font>
		<focusedcolor>ButtonFocusColor</focusedcolor>
		<textwidth>142</textwidth>
		<aligny>top</aligny>
		<textoffsety>9</textoffsety>
		<texturefocus border="4">gui/menu-bar-button-focus.png</texturefocus>
		<texturenofocus />
	</include>
	
	<include name="MenuBarSettingsBtn2">
		<width>139</width>
		<textwidth>128</textwidth>
		<include>MenuBarSettingsBtn</include>
	</include>
	
	<include name="DropDownMenuBtn">
		<width>212</width>
		<height>MenuBarHeight</height>
		<font>MenuItemFont</font>
		<textcolor>MenuItemColor</textcolor>
		<focusedcolor>MenuItemFocusColor</focusedcolor>
		<textoffsetx>18</textoffsetx>
		<align>left</align>
		<textwidth>176</textwidth>
		<texturefocus border="12,4,12,5">gui/menu-bar-item-focus.png</texturefocus>
		<texturenofocus border="9,0,9,3">gui/menu-bar-item-nofocus.png</texturenofocus>
		<pulseonselect>false</pulseonselect>
	</include>
	
	<include name="DropDownMenuViewModeBtn">
		<width>212</width>
		<height>MenuBarHeight</height>
		<font>MenuItemFont</font>
		<textcolor>MenuItemColor</textcolor>
		<focusedcolor>MenuItemFocusColor</focusedcolor>
		<textoffsetx>60</textoffsetx>
		<align>left</align>
		<textwidth>134</textwidth>
		<texturefocus border="12,4,12,5">gui/menu-bar-item-focus.png</texturefocus>
		<texturenofocus border="9,0,9,3">gui/menu-bar-item-nofocus.png</texturenofocus>
		<pulseonselect>false</pulseonselect>
	</include>
	
	<include name="DropDownMenuRadioBtn">
		<width>212</width>
		<height>MenuBarHeight</height>
		<font>MenuItemFont</font>
		<textcolor>MenuItemColor</textcolor>
		<focusedcolor>MenuItemFocusColor</focusedcolor>
		<textoffsetx>18</textoffsetx>
		<align>left</align>
		<radiowidth>26</radiowidth>
		<radioheight>20</radioheight>
		<radioposx>172</radioposx>
		<radioposy />
		<textwidth>143</textwidth>
		<textureradiofocus>controls/radio-button-focus4.png</textureradiofocus>
		<textureradionofocus>controls/radio-button-nofocus4.png</textureradionofocus>
		<texturefocus border="12,4,12,5">gui/menu-bar-item-focus.png</texturefocus>
		<texturenofocus border="9,0,9,3">gui/menu-bar-item-nofocus.png</texturenofocus>
		<textureradioondisabled colordiffuse="66FFFFFF">controls/radio-button-nofocus4.png</textureradioondisabled>
		<textureradiooffdisabled colordiffuse="66FFFFFF">controls/radio-button-nofocus4.png</textureradiooffdisabled>
		<pulseonselect>false</pulseonselect>
	</include>
	
	<include name="DropDownMenuHeader">
		<width>212</width>
		<height>30</height>
		<font>MenuBarBtnFont</font>
		<textcolor>ContentTitleColor</textcolor>
		<disabledcolor>ContentTitleColor</disabledcolor>
		<textoffsetx>18</textoffsetx>
		<textwidth>176</textwidth>
		<texturefocus border="9,0,9,3">gui/menu-bar-item-nofocus2.png</texturefocus>
		<texturenofocus border="9,0,9,3">gui/menu-bar-item-nofocus2.png</texturenofocus>
		<enable>false</enable>
	</include>
	
	<include name="DropDownMenuTopBorder">
		<width>212</width>
		<height>10</height>
		<texture border="7,7,7,0">gui/menu-bar-item-top-border.png</texture>
	</include>
	
	<include name="DropDownMenuBottomBorder">
		<width>212</width>
		<height>7</height>
		<texture border="7,0,7,7">gui/menu-bar-item-bottom-border.png</texture>
	</include>

	<include name="MenuBarSeparator">
		<width>3</width>
		<height>MenuBarHeight</height>
		<texture>gui/menu-bar-separator.png</texture>
	</include>
	
	<include name="MediaMenuBar">
		<control type="group" id="505">
			<description>Menu Bar Area</description>
			<depth>DepthMenuBar</depth>
			<top>MenuBarOffsetY</top>
			<include>MenuBarImage</include>
			<include>MenuBarOpenCloseAnim</include>
			<include>DefaultMenuBar</include>
			<visible allowhiddenfocus="true">ControlGroup(505).HasFocus | ![Skin.HasSetting(HideMenuBar) | Window.IsActive(MovieInformation) | Window.IsActive(AddonInformation) | Window.IsActive(DialogMusicInfo.xml)]</visible>
		</control>
	</include>
	
	<include name="MenuBarIconButtons">
		<control type="grouplist" id="563">
			<left>5</left>
			<width>150</width>
			<height>MenuBarHeight</height>
			<orientation>horizontal</orientation>
			<itemgap>0</itemgap>
			<onup>555</onup>
			<ondown>$PARAM[ondown]</ondown>
			<onleft>$PARAM[onleft]</onleft>
			<onright>$PARAM[onright]</onright>
			<control type="button" id="345">
				<description>Shutdown</description>
				<include>MenuBarIconBtn</include>
				<texturefocus>gui/menu-bar-power-focus.png</texturefocus>
				<texturenofocus>gui/menu-bar-power-nofocus.png</texturenofocus>
				<onclick>ActivateWindow(ShutdownMenu)</onclick>
			</control>
			<control type="button" id="346">
				<description>Favourites</description>
				<include>MenuBarIconBtn</include>
				<texturefocus>gui/menu-bar-favourites-focus.png</texturefocus>
				<texturenofocus>gui/menu-bar-favourites-nofocus.png</texturenofocus>
				<onclick>ActivateWindow(favouritesbrowser)</onclick>
				<animation effect="fade" start="100" end="60" condition="Window.IsActive(favouritesbrowser)">Conditional</animation>
				<enable>!Window.IsActive(favouritesbrowser)</enable>
			</control>
			<control type="togglebutton" id="347">
				<description>Extra Options</description>
				<include>MenuBarIconBtn</include>
				<texturefocus>gui/menu-bar-options-focus.png</texturefocus>
				<texturenofocus>gui/menu-bar-options-nofocus.png</texturenofocus>
				<alttexturefocus>gui/menu-bar-options-focus2.png</alttexturefocus>
				<alttexturenofocus>gui/menu-bar-options-nofocus2.png</alttexturenofocus>
				<usealttexture>$PARAM[alttexture]</usealttexture>
				<onclick>$PARAM[onclick]</onclick>
				<enable>$PARAM[enable]</enable>
			</control>
		</control>
	</include>
	
	<include name="DefaultMenuBar">
		<control type="group" id="850">
			<include content="MenuBarIconButtons">
				<param name="ondown" value="500" />
				<param name="onleft" value="212" />
				<param name="onright" value="212" />
				<param name="alttexture" value="Skin.HasSetting(ShowMediaExtraOptions)" />
				<param name="onclick" value="Skin.ToggleSetting(ShowMediaExtraOptions)" />
				<param name="enable" value="true" />
			</include>

			<control type="group">
				<include>MenuBarOptions</include>
				<include>MenuBarOptionsSwitchAnim</include>
				<visible>!Skin.HasSetting(ShowMediaExtraOptions)</visible>
			</control>
			
			<control type="group">
				<include condition="!Window.IsActive(AddonBrowser)">MenuBarExtraOptions</include>
				<include condition="Window.IsActive(AddonBrowser)">MenuBarExtraOptionsAddonBrowser</include>
				<include>MenuBarOptionsSwitchAnim</include>
				<visible>Skin.HasSetting(ShowMediaExtraOptions)</visible>
			</control>
		</control>
	</include>
	
	<include name="MenuBarOptions">
		<control type="grouplist" id="212">
			<left>99</left>
			<width>ScreenWidth</width>
			<height>MenuBarHeight</height>
			<itemgap>0</itemgap>
			<onup>555</onup>
			<ondown>500</ondown>
			<onleft>347</onleft>
			<onright>345</onright>
			<orientation>horizontal</orientation>
			<usecontrolcoords>true</usecontrolcoords>
			<include>MenuBarBtnOpenCloseAnim</include>
			<visible>ControlGroup(505).HasFocus | !Skin.HasSetting(HideMenuBar)</visible>
			<control type="image" id="350">
				<include>MenuBarSeparator</include>
			</control>
			<control type="button" id="400">
				<description>View As</description>
				<include>MenuBarArrowBtn</include>
				<label>[UPPERCASE]$INFO[Control.GetLabel(2)][/UPPERCASE]</label>
				<onclick>ActivateWindow(1112)</onclick>
				<onclick>Control.SetFocus(500)</onclick>
				<enable>!Skin.HasSetting(EnableKioskMode)</enable>
			</control>
			<control type="image" id="351">
				<include>MenuBarSeparator</include>
			</control>
			<control type="button" id="437">
				<description>View Options</description>
				<include>MenuBarArrowBtn</include>
				<label>[UPPERCASE]$LOCALIZE[14018][/UPPERCASE]</label>
				<onclick condition="Control.IsVisible(50)">Skin.SetString(CurrentViewMode,50)</onclick>
				<onclick condition="Control.IsVisible(51)">Skin.SetString(CurrentViewMode,51)</onclick>
				<onclick condition="Control.IsVisible(52)">Skin.SetString(CurrentViewMode,52)</onclick>
				<onclick condition="Control.IsVisible(53)">Skin.SetString(CurrentViewMode,53)</onclick>
				<onclick condition="Control.IsVisible(54)">Skin.SetString(CurrentViewMode,54)</onclick>
				<onclick condition="Control.IsVisible(55)">Skin.SetString(CurrentViewMode,55)</onclick>
				<onclick condition="Control.IsVisible(58)">Skin.SetString(CurrentViewMode,58)</onclick>
				<onclick condition="Control.IsVisible(59)">Skin.SetString(CurrentViewMode,59)</onclick>
				<onclick condition="Control.IsVisible(60)">Skin.SetString(CurrentViewMode,60)</onclick>
				<onclick condition="Control.IsVisible(63)">Skin.SetString(CurrentViewMode,63)</onclick>
				<onclick condition="Control.IsVisible(65)">Skin.SetString(CurrentViewMode,65)</onclick>
				<onclick condition="Control.IsVisible(69)">Skin.SetString(CurrentViewMode,69)</onclick>
				<onclick condition="Control.IsVisible(93)">Skin.SetString(CurrentViewMode,93)</onclick>
				<onclick condition="Control.IsVisible(530)">Skin.SetString(CurrentViewMode,530)</onclick>
				<onclick condition="Control.IsVisible(531)">Skin.SetString(CurrentViewMode,531)</onclick>
				<onclick condition="Control.IsVisible(532)">Skin.SetString(CurrentViewMode,532)</onclick>
				<onclick condition="Control.IsVisible(580)">Skin.SetString(CurrentViewMode,580)</onclick>
				<onclick condition="Control.IsVisible(585)">Skin.SetString(CurrentViewMode,585)</onclick>
				<onclick condition="Control.IsVisible(586)">Skin.SetString(CurrentViewMode,586)</onclick>
				<onclick condition="Control.IsVisible(588)">Skin.SetString(CurrentViewMode,588)</onclick>
				<onclick>ActivateWindow(1113)</onclick>
				<onclick>Control.SetFocus(500)</onclick>
				<enable>!Skin.HasSetting(EnableKioskMode)</enable>
			</control>
			<control type="image" id="438">
				<include>MenuBarSeparator</include>
			</control>
			<control type="button" id="439">
				<description>Sort By</description>
				<include>MenuBarArrowBtn</include>
				<label>[UPPERCASE]$INFO[Control.GetLabel(3)][/UPPERCASE]</label>
				<onclick>Skin.SetString(SortMethods,1)</onclick>
				<onclick>SendClick(3)</onclick>
				<enable>Control.IsEnabled(3)</enable>
			</control>
			<control type="button" id="3">
				<description>Sort By (Hidden)</description>
				<include>MenuBarBigBtn</include>
				<label>[UPPERCASE]$LOCALIZE[103][/UPPERCASE]</label>
				<visible>false</visible>
			</control>
			<control type="image" id="352">
				<include>MenuBarSeparator</include>
			</control>
			<control type="togglebutton" id="4">
				<description>Order By</description>
				<include>MenuBarBigBtn</include>
				<label>$LOCALIZE[21429]: $LOCALIZE[21430]</label>
				<altlabel>$LOCALIZE[21429]: $LOCALIZE[21431]</altlabel>
				<alttexturefocus border="4">gui/menu-bar-button-focus.png</alttexturefocus>
				<alttexturenofocus />
			</control>
			<control type="image" id="355">
				<include>MenuBarSeparator</include>
			</control>
			<control type="button" id="402">
				<description>Video / Music Library</description>
				<include>MenuBarArrowBtn</include>
				<label>[UPPERCASE]$LOCALIZE[14022][/UPPERCASE]</label>
				<onclick>ActivateWindow(1110)</onclick>
				<onclick>Control.SetFocus(500)</onclick>
				<enable>[[Window.IsVisible(Videos) | Window.IsVisible(Videos,Files)] + String.Contains(Container.FolderPath,videodb)]
				| [Window.IsVisible(Music) + [String.Contains(Container.FolderPath,musicdb) | String.Contains(Container.FolderPath,videodb://musicvideos/)]]</enable>
				<visible>Window.IsVisible(Videos) | Window.IsVisible(Videos,Files) | Window.IsVisible(Music)</visible>
			</control>
			<control type="image" id="353">
				<include>MenuBarSeparator</include>
				<visible>Control.IsVisible(402)</visible>
			</control>
			<control type="button" id="405">
				<description>Video / Music / Picture Settings</description>
				<include>MenuBarBtn</include>
				<align>center</align>
				<label>[UPPERCASE]$LOCALIZE[10004][/UPPERCASE]</label>
				<onclick condition="Window.IsVisible(Videos) | Window.IsVisible(Videos,Files)">ActivateWindow(MediaSettings,video)</onclick>
				<onclick condition="Window.IsVisible(Music)">ActivateWindow(MediaSettings,music)</onclick>
				<onclick condition="Window.IsVisible(Pictures)">ActivateWindow(MediaSettings,pictures)</onclick>
				<enable>!Skin.HasSetting(EnableKioskMode)</enable>
				<visible>Window.IsVisible(Videos) | Window.IsVisible(Videos,Files) | Window.IsVisible(Music) | Window.IsVisible(Pictures)</visible>
			</control>
			<control type="image" id="370">
				<include>MenuBarSeparator</include>
				<visible>Control.IsVisible(405)</visible>
			</control>
			<control type="button" id="411">
				<description>Go to playlist</description>
				<width>180</width>
				<textwidth>154</textwidth>
				<include>MenuBarBtn</include>
				<onclick condition="Player.HasAudio">ActivateWindow(musicplaylist)</onclick>
				<onclick condition="Player.HasVideo">ActivateWindow(videoplaylist)</onclick>
				<label>[UPPERCASE]$LOCALIZE[13350][/UPPERCASE]</label>
				<visible>Window.IsActive(AddonBrowser) + [Player.HasAudio | [Player.HasVideo + !VideoPlayer.Content(livetv)]]</visible>
			</control>
			<control type="image" id="371">
				<include>MenuBarSeparator</include>
				<visible>Window.IsActive(AddonBrowser) + [Player.HasAudio | [Player.HasVideo + !VideoPlayer.Content(livetv)]]</visible>
			</control>
			<control type="button" id="412">
				<description>Fullscreen</description>
				<width>180</width>
				<textwidth>154</textwidth>
				<include>MenuBarBtn</include>
				<onclick>fullscreen</onclick>
				<label>[UPPERCASE]$LOCALIZE[31961][/UPPERCASE]</label>
				<visible>Window.IsActive(AddonBrowser) + Player.HasMedia</visible>
			</control>
			<control type="image" id="372">
				<include>MenuBarSeparator</include>
				<visible>Window.IsActive(AddonBrowser) + Player.HasMedia</visible>
			</control>
		</control>
		
		<control type="button" id="2">
			<visible>false</visible>
		</control>
		
		<control type="button" id="3">
			<visible>false</visible>
		</control>
	</include>
	
	<include name="MenuBarExtraOptions">
		<control type="grouplist" id="212">
			<left>99</left>
			<width>ScreenWidth</width>
			<height>MenuBarHeight</height>
			<itemgap>0</itemgap>
			<onup>555</onup>
			<ondown>500</ondown>
			<onleft>347</onleft>
			<onright>345</onright>
			<orientation>horizontal</orientation>
			<usecontrolcoords>true</usecontrolcoords>
			<include>MenuBarBtnOpenCloseAnim</include>
			<visible>ControlGroup(505).HasFocus | !Skin.HasSetting(HideMenuBar)</visible>
			<control type="image" id="99">
				<include>MenuBarSeparator</include>
			</control>
			<control type="radiobutton" id="16">
				<description>Party Mode</description>
				<include>MenuBarRadioBtn</include>
				<label>[UPPERCASE]$LOCALIZE[589][/UPPERCASE]</label>
				<visible>String.Contains(Container.FolderPath,/musicvideos/) | Window.IsVisible(Music)</visible>
			</control>
			<control type="image" id="105">
				<include>MenuBarSeparator</include>
				<visible>String.Contains(Container.FolderPath,/musicvideos/) | Window.IsVisible(Music)</visible>
			</control>
			<control type="button" id="10">
				<description>All Videos/Watched/Unwatched</description>
				<include>MenuBarRadioBtn</include>
				<visible>Window.IsVisible(Videos)</visible>
			</control>
			<control type="image" id="104">
				<include>MenuBarSeparator</include>
				<visible>Window.IsVisible(Videos)</visible>
			</control>
			<control type="button" id="367">
				<description>Search</description>
				<include>MenuBarBtn</include>
				<label>$LOCALIZE[137]</label>
				<onclick>ActivateWindow(1107)</onclick>
				<enable>Window.IsVisible(Videos) | Window.IsActive(Music)</enable>
				<visible>Window.IsVisible(Videos) | Window.IsActive(Music) | Window.IsVisible(Videos,Files)</visible>
			</control>
			<control type="image" id="368">
				<include>MenuBarSeparator</include>
				<visible>Window.IsVisible(Videos) | Window.IsActive(Music) | Window.IsVisible(Videos,Files)</visible>
			</control>
			<control type="radiobutton" id="19">
				<visible>Container.CanFilter + !Container.CanFilterAdvanced</visible>
				<description>Filter</description>
				<width>160</width>
				<textwidth>96</textwidth>
				<include>MenuBarRadioBtn</include>
				<selected>Container.Filtered</selected>
				<label>[UPPERCASE]$LOCALIZE[587][/UPPERCASE]</label>
			</control>
			<control type="image" id="101">
				<visible>Container.CanFilter + !Container.CanFilterAdvanced</visible>
				<include>MenuBarSeparator</include>
			</control>
			<control type="radiobutton" id="98">
				<visible>Container.CanFilterAdvanced</visible>
				<description>Filter</description>
				<width>160</width>
				<textwidth>96</textwidth>
				<include>MenuBarRadioBtn</include>
				<label>[UPPERCASE]$LOCALIZE[587][/UPPERCASE]</label>
				<selected>Container.Filtered</selected>
				<onclick>Filter</onclick>
			</control>
			<control type="image" id="116">
				<visible>Container.CanFilterAdvanced</visible>
				<include>MenuBarSeparator</include>
			</control>
			<control type="togglebutton" id="20">
				<description>Update Library</description>
				<include>MenuBarBtn</include>
				<label>[UPPERCASE]$LOCALIZE[653][/UPPERCASE]</label>
				<altlabel>[UPPERCASE]$LOCALIZE[13353][/UPPERCASE]</altlabel>
				<alttexturenofocus />
				<usealttexture>library.isscanningvideo | library.isscanningmusic</usealttexture>
				<enable>!Skin.HasSetting(EnableKioskMode)</enable>
				<visible>Window.IsVisible(Videos) | Window.IsActive(Music)</visible>
			</control>
			<control type="image" id="117">
				<include>MenuBarSeparator</include>
				<visible>Window.IsVisible(Videos) | Window.IsActive(Music)</visible>
			</control>
			<control type="button" id="408">
				<description>Go to playlist</description>
				<include>MenuBarBtn</include>
				<onclick condition="Player.HasAudio | [Window.IsActive(Music) + !String.IsEqual(Playlist.Length(music),0)]">ActivateWindow(musicplaylist)</onclick>
				<onclick condition="Player.HasVideo | [Window.IsActive(Videos) + !String.IsEqual(Playlist.Length(video),0)]">ActivateWindow(videoplaylist)</onclick>
				<label>[UPPERCASE]$LOCALIZE[13350][/UPPERCASE]</label>
				<visible>[Player.HasAudio | [Player.HasVideo + !VideoPlayer.Content(livetv)] | [Window.IsActive(Videos) + !String.IsEqual(Playlist.Length(video),0)] | [Window.IsActive(Music) + !String.IsEqual(Playlist.Length(music),0)]] + ![Window.IsVisible(VideoPlaylist) | Window.IsVisible(MusicPlaylist)]</visible>
			</control>
			<control type="image" id="118">
				<include>MenuBarSeparator</include>
				<visible>Control.IsVisible(408)</visible>
			</control>
			<control type="button" id="409">
				<description>Fullscreen</description>
				<include>MenuBarBtn</include>
				<onclick>fullscreen</onclick>
				<label>[UPPERCASE]$LOCALIZE[31961][/UPPERCASE]</label>
				<visible>Player.HasMedia</visible>
			</control>
			<control type="image" id="119">
				<include>MenuBarSeparator</include>
				<visible>Player.HasMedia</visible>
			</control>
			<control type="togglebutton" id="410">
				<description>Shuffle</description>
				<include>MenuBarBtn</include>
				<label>[UPPERCASE]$LOCALIZE[191]: $LOCALIZE[16039][/UPPERCASE]</label>
				<altlabel>[UPPERCASE]$LOCALIZE[191]: $LOCALIZE[16041][/UPPERCASE]</altlabel>
				<usealttexture>Playlist.IsRandom</usealttexture>
				<onclick>PlayerControl(Random)</onclick>
				<visible>!MusicPartyMode.Enabled</visible>
				<visible>[Window.IsVisible(VideoPlaylist) | Window.IsVisible(MusicPlaylist)] + !Control.IsVisible(580)</visible>
			</control>
			<control type="image" id="109">
				<include>MenuBarSeparator</include>
				<visible>!MusicPartyMode.Enabled</visible>
				<visible>[Window.IsVisible(VideoPlaylist) | Window.IsVisible(MusicPlaylist)] + !Control.IsVisible(580)</visible>
			</control>
			<control type="button" id="26">
				<description>Repeat</description>
				<include>MenuBarBtn</include>
				<align>center</align>
				<visible>!MusicPartyMode.Enabled</visible>
				<visible>[Window.IsVisible(VideoPlaylist) | Window.IsVisible(MusicPlaylist)] + !Control.IsVisible(580)</visible>
			</control>
			<control type="image" id="110">
				<include>MenuBarSeparator</include>
				<visible>!MusicPartyMode.Enabled</visible>
				<visible>[Window.IsVisible(VideoPlaylist) | Window.IsVisible(MusicPlaylist)] + !Control.IsVisible(580)</visible>
			</control>
			<control type="button" id="21">
				<description>Save</description>
				<include>MenuBarBtn</include>
				<align>center</align>
				<label>[UPPERCASE]$LOCALIZE[190][/UPPERCASE]</label>
				<enable>!Skin.HasSetting(EnableKioskMode)</enable>
				<visible>[Window.IsVisible(VideoPlaylist) | Window.IsVisible(MusicPlaylist)] + !Control.IsVisible(580)</visible>
			</control>
			<control type="image" id="111">
				<include>MenuBarSeparator</include>
				<visible>[Window.IsVisible(VideoPlaylist) | Window.IsVisible(MusicPlaylist)] + !Control.IsVisible(580)</visible>
			</control>
			<control type="button" id="22">
				<description>Clear</description>
				<include>MenuBarBtn</include>
				<align>center</align>
				<label>[UPPERCASE]$LOCALIZE[192][/UPPERCASE]</label>
				<enable>!Skin.HasSetting(EnableKioskMode)</enable>
				<visible>[Window.IsVisible(VideoPlaylist) | Window.IsVisible(MusicPlaylist)] + !Control.IsVisible(580)</visible>
			</control>
			<control type="image" id="112">
				<include>MenuBarSeparator</include>
				<visible>[Window.IsVisible(VideoPlaylist) | Window.IsVisible(MusicPlaylist)] + !Control.IsVisible(580)</visible>
			</control>
			<control type="button" id="6">
				<description>SlideShow</description>
				<include>MenuBarBtn</include>
				<label>[UPPERCASE]$LOCALIZE[108][/UPPERCASE]</label>
				<enable>!String.IsEmpty(Container.FolderPath)</enable>
				<visible>Window.IsVisible(Pictures)</visible>
				<onleft>185</onleft>
			</control>
			<control type="image" id="107">
				<include>MenuBarSeparator</include>
				<visible>Window.IsVisible(Pictures)</visible>
			</control>
			<control type="button" id="7">
				<description>Recursive SlideShow</description>
				<include>MenuBarBtn</include>
				<label>[UPPERCASE]$LOCALIZE[361][/UPPERCASE]</label>
				<enable>!String.IsEmpty(Container.FolderPath)</enable>
				<visible>Window.IsVisible(Pictures)</visible>
			</control>
			<control type="image" id="108">
				<include>MenuBarSeparator</include>
				<visible>Window.IsVisible(Pictures)</visible>
			</control>
			<control type="radiobutton" id="9">
				<description>Randomize</description>
				<include>MenuBarRadioBtn</include>
				<label>[UPPERCASE]$LOCALIZE[13319][/UPPERCASE]</label>
				<enable>!String.IsEmpty(Container.FolderPath)</enable>
				<visible>Window.IsVisible(Pictures)</visible>
			</control>
			<control type="image" id="106">
				<include>MenuBarSeparator</include>
				<visible>Window.IsVisible(Pictures)</visible>
			</control>
			<control type="button" id="120">
				<description>Edit nodes</description>
				<include>MenuBarBtn</include>
				<label>[UPPERCASE]$LOCALIZE[31218][/UPPERCASE]</label>
				<onclick condition="System.AddonIsEnabled(plugin.library.node.editor) + Window.IsActive(Videos)">ActivateWindow(programs,plugin://plugin.library.node.editor/?ltype=video,return)</onclick>
				<onclick condition="System.AddonIsEnabled(plugin.library.node.editor) + Window.IsActive(Music)">ActivateWindow(programs,plugin://plugin.library.node.editor/?ltype=music,return)</onclick>
				<onclick condition="!System.HasAddon(plugin.library.node.editor)">InstallAddon(plugin.library.node.editor)</onclick>
				<onclick condition="System.HasAddon(plugin.library.node.editor) + !System.AddonIsEnabled(plugin.library.node.editor)">EnableAddon(plugin.library.node.editor)</onclick>
				<enable>!Skin.HasSetting(EnableKioskMode)</enable>
				<visible>Container.Content() + String.IsEmpty(Container.PluginName)</visible>
			</control>
			<control type="image" id="121">
				<include>MenuBarSeparator</include>
				<visible>Control.IsVisible(120)</visible>
			</control>
			<control type="button" id="122">
				<description>Get More Add-ons</description>
				<include>MenuBarBtn</include>
				<label>[UPPERCASE]$LOCALIZE[21452][/UPPERCASE]</label>
				<onclick condition="Window.IsActive(Music)">ActivateWindow(addonbrowser,addons://all/xbmc.addon.audio/,return)</onclick>
				<onclick condition="Window.IsActive(Pictures)">ActivateWindow(addonbrowser,addons://all/xbmc.addon.image/,return)</onclick>
				<onclick condition="Window.IsActive(Programs)">ActivateWindow(addonbrowser,addons://all/xbmc.addon.executable/,return)</onclick>
				<onclick condition="Window.IsActive(Games)">ActivateWindow(addonbrowser,addons://all/category.gameaddons/,return)</onclick>
				<onclick condition="Window.IsActive(Videos)">ActivateWindow(addonbrowser,addons://all/xbmc.addon.video/,return)</onclick>
				<enable>!Skin.HasSetting(EnableKioskMode)</enable>
				<visible>Container.Content(Addons) | Container.Content(Games)</visible>
			</control>
			<control type="button" id="124">
				<description>Add-on Settings</description>
				<include>MenuBarBtn</include>
				<label>[UPPERCASE]$LOCALIZE[10140][/UPPERCASE]</label>
				<onclick>Addon.OpenSettings($INFO[Container.PluginName])</onclick> 
				<enable>!Skin.HasSetting(EnableKioskMode)</enable>
				<visible>!String.IsEmpty(Container.PluginName)</visible>
			</control>
			<control type="image" id="123">
				<include>MenuBarSeparator</include>
				<visible>Control.IsVisible(122) | Control.IsVisible(124)</visible>
			</control>
		</control>
	</include>
	
	<include name="MenuBarExtraOptionsAddonBrowser">
		<control type="grouplist" id="212">
			<left>99</left>
			<width>ScreenWidth</width>
			<height>MenuBarHeight</height>
			<itemgap>0</itemgap>
			<onup>555</onup>
			<ondown>500</ondown>
			<onleft>347</onleft>
			<onright>345</onright>
			<orientation>horizontal</orientation>
			<usecontrolcoords>true</usecontrolcoords>
			<include>MenuBarBtnOpenCloseAnim</include>
			<visible>ControlGroup(505).HasFocus | !Skin.HasSetting(HideMenuBar)</visible>
			<control type="image" id="99">
				<include>MenuBarSeparator</include>
			</control>
			<control type="radiobutton" id="19">
				<visible>Container.CanFilter + !Container.CanFilterAdvanced</visible>
				<description>Filter</description>
				<width>190</width>
				<textwidth>126</textwidth>
				<include>MenuBarRadioBtn</include>
				<selected>Container.Filtered</selected>
				<label>[UPPERCASE]$LOCALIZE[587][/UPPERCASE]</label>
			</control>
			<control type="image" id="101">
				<visible>Container.CanFilter + !Container.CanFilterAdvanced</visible>
				<include>MenuBarSeparator</include>
			</control>
			<control type="radiobutton" id="98">
				<visible>Container.CanFilterAdvanced</visible>
				<description>Filter</description>
				<width>190</width>
				<textwidth>126</textwidth>
				<include>MenuBarRadioBtn</include>
				<label>[UPPERCASE]$LOCALIZE[587][/UPPERCASE]</label>
				<selected>Container.Filtered</selected>
				<onclick>Filter</onclick>
			</control>
			<control type="image" id="116">
				<visible>Container.CanFilterAdvanced</visible>
				<include>MenuBarSeparator</include>
			</control>
			<control type="button" id="9">
				<description>Force Refresh Repo</description>
				<width>190</width>
				<textwidth>164</textwidth>
				<include>MenuBarBtn</include>
				<label>[UPPERCASE]$LOCALIZE[24034][/UPPERCASE]</label>
				<enable>!Skin.HasSetting(EnableKioskMode)</enable>
			</control>
			<control type="image" id="120">
				<include>MenuBarSeparator</include>
			</control>
			<control type="radiobutton" id="7">
				<description>Hide foreign</description>
				<width>197</width>
				<textwidth>133</textwidth>
				<include>MenuBarRadioBtn</include>
				<label>[UPPERCASE]$LOCALIZE[25001][/UPPERCASE]</label>
				<enable>!Skin.HasSetting(EnableKioskMode)</enable>
			</control>
			<control type="image" id="121">
				<include>MenuBarSeparator</include>
			</control>
			<control type="radiobutton" id="8">
				<description>Show / Hide broken add-ons</description>
				<width>197</width>
				<textwidth>133</textwidth>
				<include>MenuBarRadioBtn</include>
				<label>[UPPERCASE]$LOCALIZE[24999][/UPPERCASE]</label>
				<enable>!Skin.HasSetting(EnableKioskMode)</enable>
			</control>
			<control type="image" id="122">
				<include>MenuBarSeparator</include>
			</control>
			<control type="button" id="5">
				<description>Settings</description>
				<width>190</width>
				<textwidth>164</textwidth>
				<include>MenuBarBtn</include>
				<label>[UPPERCASE]$LOCALIZE[10004][/UPPERCASE]</label>
				<enable>!Skin.HasSetting(EnableKioskMode)</enable>
			</control>
			<control type="image" id="123">
				<include>MenuBarSeparator</include>
			</control>
		</control>
	</include>
	
	<include name="SettingsMenuBar">
		<control type="grouplist" id="850">
			<left>2</left>
			<width>1278</width>
			<height>MenuBarHeight</height>
			<itemgap>0</itemgap>
			<onup>555</onup>
			<ondown>9001</ondown>
			<onleft>850</onleft>
			<onright>850</onright>
			<orientation>horizontal</orientation>
			<usecontrolcoords>true</usecontrolcoords>
			<include>MenuBarBtnOpenCloseAnim</include>
			<control type="button" id="101">
				<description>Interface</description>
				<include>MenuBarSettingsBtn2</include>
				<label>[UPPERCASE]$LOCALIZE[14206][/UPPERCASE]</label>
				<onclick>ReplaceWindow(InterfaceSettings)</onclick>
			</control>
			<control type="image" id="116">
				<include>MenuBarSeparator</include>
			</control>
			<control type="button" id="104">
				<description>Skin</description>
				<include>MenuBarSettingsBtn2</include>
				<label>[UPPERCASE]$LOCALIZE[166][/UPPERCASE]</label>
				<onclick>ReplaceWindow(SkinSettings)</onclick>
			</control>
			<control type="image" id="119">
				<include>MenuBarSeparator</include>
			</control>
			<control type="button" id="105">
				<description>Player</description>
				<include>MenuBarSettingsBtn2</include>
				<label>[UPPERCASE]$LOCALIZE[14200][/UPPERCASE]</label>
				<onclick>ReplaceWindow(PlayerSettings)</onclick>
			</control>
			<control type="image" id="120">
				<include>MenuBarSeparator</include>
			</control>
			<control type="button" id="110">
				<description>Media</description>
				<include>MenuBarSettingsBtn2</include>
				<label>[UPPERCASE]$LOCALIZE[14211][/UPPERCASE]</label>
				<onclick>ReplaceWindow(MediaSettings)</onclick>
			</control>
			<control type="image" id="124">
				<include>MenuBarSeparator</include>
			</control>
			<control type="button" id="103">
				<description>PVR</description>
				<include>MenuBarSettingsBtn2</include>
				<label>[UPPERCASE]$LOCALIZE[14204][/UPPERCASE]</label>
				<onclick>ReplaceWindow(PVRSettings)</onclick>
			</control>
			<control type="image" id="118">
				<include>MenuBarSeparator</include>
			</control>
			<control type="button" id="109">
				<description>Games</description>
				<include>MenuBarSettingsBtn2</include>
				<label>[UPPERCASE]$LOCALIZE[15016][/UPPERCASE]</label>
				<onclick>ReplaceWindow(GameSettings)</onclick>
			</control>
			<control type="image" id="121">
				<include>MenuBarSeparator</include>
			</control>
			<control type="button" id="108">
				<description>Profiles</description>
				<include>MenuBarSettingsBtn2</include>
				<label>[UPPERCASE]$LOCALIZE[13200][/UPPERCASE]</label>
				<onclick>ReplaceWindow(Profiles)</onclick>
			</control>
			<control type="image" id="122">
				<include>MenuBarSeparator</include>
			</control>
			<control type="button" id="106">
				<description>Services</description>
				<include>MenuBarSettingsBtn2</include>
				<label>[UPPERCASE]$LOCALIZE[14036][/UPPERCASE]</label>
				<onclick>ReplaceWindow(ServiceSettings)</onclick>
			</control>
			<control type="image" id="123">
				<include>MenuBarSeparator</include>
			</control>
			<control type="button" id="107">
				<description>System</description>
				<include>MenuBarSettingsBtn2</include>
				<label>[UPPERCASE]$LOCALIZE[13000][/UPPERCASE]</label>
				<onclick>ReplaceWindow(SystemSettings)</onclick>
			</control>
		</control>
	</include>
	
	<include name="MyWeatherMenuBar">
		<control type="grouplist" id="850">
			<left>2</left>
			<width>ScreenWidth</width>
			<height>MenuBarHeight</height>
			<itemgap>0</itemgap>
			<onup>555</onup>
			<ondown>9001</ondown>
			<onleft>850</onleft>
			<onright>850</onright>
			<orientation>horizontal</orientation>
			<usecontrolcoords>true</usecontrolcoords>
			<include>MenuBarBtnOpenCloseAnim</include>
			<control type="spincontrolex" id="3">
				<description>Select Location</description>
				<width>160</width>
				<height>MenuBarHeight</height>
				<font />
				<textcolor>ButtonColor</textcolor>
				<focusedcolor>ButtonFocusColor</focusedcolor>
				<aligny>center</aligny>
				<textoffsetx>13</textoffsetx>
				<textwidth>106</textwidth>
				<align>left</align>
				<texturefocus border="4">gui/menu-bar-button-focus.png</texturefocus>
				<texturenofocus />
			</control>
			<control type="label" id="119">
				<description>Select Location Label</description>
				<left>-160</left>
				<width>160</width>
				<height>MenuBarHeight</height>
				<font>MenuBarBtnFont</font>
				<textcolor>WhiteColor</textcolor>
				<shadowcolor>ShadowColor</shadowcolor>
				<aligny>center</aligny>
				<textoffsetx>10</textoffsetx>
				<textwidth>90</textwidth>
				<label>$LOCALIZE[31198]</label>
				<visible>Control.HasFocus(3)</visible>
			</control>
			<control type="label" id="120">
				<description>Select Location Label</description>
				<left>-160</left>
				<width>160</width>
				<height>MenuBarHeight</height>
				<font>MenuBarBtnFont</font>
				<textcolor>ButtonColor</textcolor>
				<shadowcolor>ShadowColor</shadowcolor>
				<aligny>center</aligny>
				<textoffsetx>10</textoffsetx>
				<textwidth>90</textwidth>
				<label>$LOCALIZE[31198]</label>
				<visible>!Control.HasFocus(3)</visible>
			</control>
			<control type="image" id="116">
				<include>MenuBarSeparator</include>
			</control>
			<control type="button" id="2">
				<description>Refresh</description>
				<include>MenuBarBtn</include>
				<label>[UPPERCASE]$LOCALIZE[103][/UPPERCASE]</label>
			</control>
			<control type="image" id="117">
				<include>MenuBarSeparator</include>
			</control>
			<control type="button" id="4">
				<description>Settings</description>
				<width>160</width>
				<textwidth>109</textwidth>
				<include>MenuBarArrowBtn</include>
				<label>[UPPERCASE]$LOCALIZE[5][/UPPERCASE]</label>
				<onclick>ActivateWindow(1109)</onclick>
				<enable>!Skin.HasSetting(EnableKioskMode)</enable>
			</control>
			<control type="image" id="118">
				<include>MenuBarSeparator</include>
			</control>
		</control>
	</include>

	<include name="MyWeatherAdvancedMenuBar">
		<control type="grouplist" id="850">
			<left>2</left>
			<width>ScreenWidth</width>
			<height>MenuBarHeight</height>
			<itemgap>0</itemgap>
			<onup>555</onup>
			<ondown>500</ondown>
			<onleft>850</onleft>
			<onright>850</onright>
			<orientation>horizontal</orientation>
			<usecontrolcoords>true</usecontrolcoords>
			<include>MenuBarBtnOpenCloseAnim</include>
			<control type="spincontrolex" id="3">
				<description>Select Location</description>
				<width>160</width>
				<height>MenuBarHeight</height>
				<font />
				<textcolor>ButtonColor</textcolor>
				<focusedcolor>ButtonFocusColor</focusedcolor>
				<aligny>center</aligny>
				<textoffsetx>13</textoffsetx>
				<textwidth>106</textwidth>
				<align>left</align>
				<texturefocus border="4">gui/menu-bar-button-focus.png</texturefocus>
				<texturenofocus />
			</control>
			<control type="label" id="119">
				<description>Select Location Label</description>
				<left>-160</left>
				<width>160</width>
				<height>MenuBarHeight</height>
				<font>MenuBarBtnFont</font>
				<textcolor>WhiteColor</textcolor>
				<shadowcolor>ShadowColor</shadowcolor>
				<aligny>center</aligny>
				<textoffsetx>10</textoffsetx>
				<textwidth>90</textwidth>
				<label>$LOCALIZE[31198]</label>
				<visible>Control.HasFocus(3)</visible>
			</control>
			<control type="label" id="120">
				<description>Select Location Label</description>
				<left>-160</left>
				<width>160</width>
				<height>MenuBarHeight</height>
				<font>MenuBarBtnFont</font>
				<textcolor>ButtonColor</textcolor>
				<shadowcolor>ShadowColor</shadowcolor>
				<aligny>center</aligny>
				<textoffsetx>10</textoffsetx>
				<textwidth>90</textwidth>
				<label>$LOCALIZE[31198]</label>
				<visible>!Control.HasFocus(3)</visible>
			</control>
			<control type="image" id="116">
				<include>MenuBarSeparator</include>
			</control>
			<control type="button" id="101">
				<description>Today</description>
				<width>138</width>
				<include>MenuBarBtn</include>
				<label>[UPPERCASE]$LOCALIZE[33006][/UPPERCASE]</label>
				<onfocus>Skin.SetString(WeatherAdvanced,1)</onfocus>
			</control>
			<control type="image" id="117">
				<include>MenuBarSeparator</include>
			</control>
			<control type="button" id="102">
				<description>36 Hour</description>
				<width>138</width>
				<include>MenuBarBtn</include>
				<label>[UPPERCASE]$LOCALIZE[33034][/UPPERCASE]</label>
				<onfocus>Skin.SetString(WeatherAdvanced,2)</onfocus>
				<visible>!String.IsEmpty(Window.Property(36Hour.IsFetched))</visible>
			</control>
			<control type="image" id="118">
				<include>MenuBarSeparator</include>
				<visible>!String.IsEmpty(Window.Property(36Hour.IsFetched))</visible>
			</control>
			<control type="button" id="103">
				<description>Weekend</description>
				<width>138</width>
				<include>MenuBarBtn</include>
				<label>[UPPERCASE]$LOCALIZE[33037][/UPPERCASE]</label>
				<onfocus>Skin.SetString(WeatherAdvanced,3)</onfocus>
				<visible>!String.IsEmpty(Window.Property(Weekend.IsFetched))</visible>
			</control>
			<control type="image" id="124">
				<include>MenuBarSeparator</include>
				<visible>!String.IsEmpty(Window.Property(Weekend.IsFetched))</visible>
			</control>
			<control type="button" id="104">
				<description>Hourly</description>
				<width>138</width>
				<ondown>990</ondown>
				<include>MenuBarBtn</include>
				<label>[UPPERCASE]$LOCALIZE[33036][/UPPERCASE]</label>
				<onfocus>Skin.SetString(WeatherAdvanced,4)</onfocus>
				<visible>!String.IsEmpty(Window.Property(Hourly.IsFetched))</visible>
			</control>
			<control type="image" id="125">
				<include>MenuBarSeparator</include>
				<visible>!String.IsEmpty(Window.Property(Hourly.IsFetched))</visible>
			</control>
			<control type="button" id="105">
				<description>16 Days</description>
				<width>138</width>
				<ondown>991</ondown>
				<include>MenuBarBtn</include>
				<label>[UPPERCASE]16 $LOCALIZE[12393][/UPPERCASE]</label>
				<onfocus>Skin.SetString(WeatherAdvanced,5)</onfocus>
				<visible>!String.IsEmpty(Window.Property(Daily.IsFetched))</visible>
			</control>
			<control type="image" id="121">
				<include>MenuBarSeparator</include>
				<visible>!String.IsEmpty(Window.Property(Daily.IsFetched))</visible>
			</control>
			<control type="button" id="106">
				<description>Maps</description>
				<width>138</width>
				<ondown>994</ondown>
				<include>MenuBarBtn</include>
				<label>[UPPERCASE]$LOCALIZE[33035][/UPPERCASE]</label>
				<onfocus>Skin.SetString(WeatherAdvanced,6)</onfocus>
				<visible>!String.IsEmpty(Window.Property(Map.IsFetched))</visible>
			</control>
			<control type="image" id="122">
				<include>MenuBarSeparator</include>
				<visible>!String.IsEmpty(Window.Property(Map.IsFetched))</visible>
			</control>
			<control type="button" id="2">
				<description>Refresh</description>
				<width>132</width>
				<include>MenuBarBtn</include>
				<label>[UPPERCASE]$LOCALIZE[103][/UPPERCASE]</label>
			</control>
			<control type="image" id="123">
				<include>MenuBarSeparator</include>
			</control>
			<control type="button" id="107">
				<description>Settings</description>
				<width>132</width>
				<textwidth>81</textwidth>
				<include>MenuBarArrowBtn</include>
				<label>[UPPERCASE]$LOCALIZE[5][/UPPERCASE]</label>
				<onclick>ActivateWindow(1109)</onclick>
				<enable>!Skin.HasSetting(EnableKioskMode)</enable>
			</control>
			<control type="image" id="126">
				<include>MenuBarSeparator</include>
			</control>
		</control>
	</include>

	<include name="PVRMenuBar">
		<control type="group" id="505">
			<description>Menu Bar Area</description>
			<depth>DepthMenuBar</depth>
			<top>MenuBarOffsetY</top>
			<include>MenuBarImage</include>
			<include>MenuBarOpenCloseAnim</include>
			<include>DefaultPVRMenuBar</include>
			<visible allowhiddenfocus="true">ControlGroup(505).HasFocus | ![Skin.HasSetting(HideMenuBar) | Window.IsActive(DialogPVRInfo.xml)]</visible>
		</control>
	</include>

	<include name="DefaultPVRMenuBar">
		<control type="group" id="850">
			<include content="MenuBarIconButtons">
				<param name="ondown" value="500" />
				<param name="onleft" value="212" />
				<param name="onright" value="212" />
				<param name="alttexture" value="Skin.HasSetting(PVRMenuBarExtraOptions)" />
				<param name="onclick" value="Skin.ToggleSetting(PVRMenuBarExtraOptions)" />
				<param name="enable" value="true" />
			</include>

			<control type="group">
				<include>PVRMenuBarOptions</include>
				<include>MenuBarOptionsSwitchAnim</include>
				<visible>!Skin.HasSetting(PVRMenuBarExtraOptions)</visible>
			</control>

			<control type="group">
				<include>PVRMenuBarExtraOptions</include>
				<include>MenuBarOptionsSwitchAnim</include>
				<visible>Skin.HasSetting(PVRMenuBarExtraOptions)</visible>
			</control>
		</control>
	</include>

	<include name="PVRMenuBarOptions">
		<control type="grouplist" id="212">
			<left>99</left>
			<width>ScreenWidth</width>
			<height>MenuBarHeight</height>
			<itemgap>0</itemgap>
			<onup>555</onup>
			<ondown>500</ondown>
			<onleft>347</onleft>
			<onright>345</onright>
			<orientation>horizontal</orientation>
			<usecontrolcoords>true</usecontrolcoords>
			<include>MenuBarBtnOpenCloseAnim</include>
			<visible>ControlGroup(505).HasFocus | !Skin.HasSetting(HideMenuBar)</visible>
			<control type="image" id="350">
				<include>MenuBarSeparator</include>
			</control>
			<control type="button" id="32">
				<description>Channels</description>
				<include>MenuBarBtn</include>
				<label>[UPPERCASE]$LOCALIZE[19019][/UPPERCASE]</label>
				<onclick condition="Window.IsActive(MyPVRChannels.xml)">NextChannelGroup</onclick>
				<onclick condition="String.IsEmpty(Window.Property(IsRadio))">ActivateWindow(TVChannels)</onclick>
				<onclick condition="!String.IsEmpty(Window.Property(IsRadio))">ActivateWindow(RadioChannels)</onclick>
			</control>
			<control type="image" id="351">
				<include>MenuBarSeparator</include>
			</control>
			<control type="button" id="33">
				<description>TV Guide</description>
				<include>MenuBarBtn</include>
				<label>[UPPERCASE]$LOCALIZE[22020][/UPPERCASE]</label>
				<onclick condition="Window.IsActive(MyPVRGuide.xml)">NextChannelGroup</onclick>
				<onclick condition="String.IsEmpty(Window.Property(IsRadio))">ActivateWindow(TVGuide)</onclick>
				<onclick condition="!String.IsEmpty(Window.Property(IsRadio))">ActivateWindow(RadioGuide)</onclick>
			</control>
			<control type="image" id="352">
				<include>MenuBarSeparator</include>
			</control>
			<control type="button" id="36">
				<description>Search</description>
				<include>MenuBarBtn</include>
				<label>[UPPERCASE]$LOCALIZE[137][/UPPERCASE]</label>
				<onclick condition="String.IsEmpty(Window.Property(IsRadio))">ActivateWindow(TVSearch)</onclick>
				<onclick condition="!String.IsEmpty(Window.Property(IsRadio))">ActivateWindow(RadioSearch)</onclick>
			</control>
			<control type="image" id="353">
				<include>MenuBarSeparator</include>
			</control>
			<control type="button" id="35">
				<description>Timer Rules</description>
				<include>MenuBarBtn</include>
				<label>[UPPERCASE]$LOCALIZE[19138][/UPPERCASE]</label>
				<onclick condition="String.IsEmpty(Window.Property(IsRadio))">ActivateWindow(TVTimerRules)</onclick>
				<onclick condition="!String.IsEmpty(Window.Property(IsRadio))">ActivateWindow(RadioTimerRules)</onclick>
			</control>
			<control type="image" id="354">
				<include>MenuBarSeparator</include>
			</control>
			<control type="button" id="40">
				<description>Timers</description>
				<include>MenuBarBtn</include>
				<label>[UPPERCASE]$LOCALIZE[19040][/UPPERCASE]</label>
				<onclick condition="String.IsEmpty(Window.Property(IsRadio))">ActivateWindow(TVTimers)</onclick>
				<onclick condition="!String.IsEmpty(Window.Property(IsRadio))">ActivateWindow(RadioTimers)</onclick>
			</control>
			<control type="image" id="355">
				<include>MenuBarSeparator</include>
			</control>
			<control type="button" id="34">
				<description>Recordings</description>
				<include>MenuBarBtn</include>
				<label>[UPPERCASE]$LOCALIZE[19163][/UPPERCASE]</label>
				<onclick condition="String.IsEmpty(Window.Property(IsRadio))">ActivateWindow(TVRecordings)</onclick>
				<onclick condition="!String.IsEmpty(Window.Property(IsRadio))">ActivateWindow(RadioRecordings)</onclick>
			</control>
			<control type="image" id="356">
				<include>MenuBarSeparator</include>
			</control>
			<control type="button" id="475">
				<description>View Options</description>
				<include>MenuBarArrowBtn</include>
				<label>[UPPERCASE]$LOCALIZE[14018][/UPPERCASE]</label>
				<onclick>ActivateWindow(1114)</onclick>
				<onclick>Control.SetFocus(500)</onclick>
				<enable>!Skin.HasSetting(EnableKioskMode)</enable>
			</control>
		</control>
	</include>

	<include name="PVRMenuBarExtraOptions">
		<control type="grouplist" id="212">
			<left>99</left>
			<width>ScreenWidth</width>
			<height>MenuBarHeight</height>
			<itemgap>0</itemgap>
			<onup>555</onup>
			<ondown>500</ondown>
			<onleft>347</onleft>
			<onright>345</onright>
			<orientation>horizontal</orientation>
			<usecontrolcoords>true</usecontrolcoords>
			<include>MenuBarBtnOpenCloseAnim</include>
			<visible>ControlGroup(505).HasFocus | !Skin.HasSetting(HideMenuBar)</visible>
			<control type="image" id="99">
				<include>MenuBarSeparator</include>
			</control>
			<control type="button" id="28">
				<description>Channel Groups</description>
				<include>MenuBarBigBtn</include>
				<label />
				<visible>!Window.IsActive(MyPVRRecordings.xml)</visible>
			</control>
			<control type="button" id="10">
				<description>All Videos/Watched/Unwatched</description>
				<include>MenuBarBigBtn</include>
				<label>$LOCALIZE[20367]</label>
				<visible>Window.IsActive(MyPVRRecordings.xml)</visible>
			</control>
			<control type="image" id="101">
				<include>MenuBarSeparator</include>
			</control>
			<control type="button" id="439">
				<description>Sort By</description>
				<include>MenuBarArrowBtn</include>
				<label>[UPPERCASE]$INFO[Control.GetLabel(3)][/UPPERCASE]</label>
				<onclick>Skin.SetString(SortMethods,2)</onclick>
				<onclick>SendClick(3)</onclick>
				<enable>Control.IsEnabled(3)</enable>
			</control>
			<control type="button" id="3">
				<description>Sort By (Hidden)</description>
				<include>MenuBarBigBtn</include>
				<label>[UPPERCASE]$LOCALIZE[103][/UPPERCASE]</label>
				<visible>false</visible>
			</control>
			<control type="image" id="102">
				<include>MenuBarSeparator</include>
			</control>
			<control type="togglebutton" id="4">
				<description>Sort asc</description>
				<include>MenuBarBigBtn</include>
				<label>$LOCALIZE[21429]: $LOCALIZE[21430]</label>
				<altlabel>$LOCALIZE[21429]: $LOCALIZE[21431]</altlabel>
				<alttexturefocus border="4">gui/menu-bar-button-focus.png</alttexturefocus>
				<alttexturenofocus />
			</control>
			<control type="image" id="103">
				<include>MenuBarSeparator</include>
			</control>
			<control type="radiobutton" id="31">
				<description>Filter</description>
				<width>200</width>
				<textwidth>136</textwidth>
				<include>MenuBarRadioBtn</include>
				<label>[UPPERCASE]$LOCALIZE[587][/UPPERCASE]</label>
				<selected>Container.Filtered</selected>
				<visible>Window.IsActive(MyPVRChannels.xml)</visible>
			</control>
			<control type="image" id="104">
				<include>MenuBarSeparator</include>
				<visible>Window.IsActive(MyPVRChannels.xml)</visible>
			</control>
			<control type="radiobutton" id="5">
				<description>Group recording items by folder structure</description>
				<width>200</width>
				<textwidth>136</textwidth>
				<include>MenuBarRadioBtn</include>
				<label>19270</label>
				<enable>!Skin.HasSetting(EnableKioskMode)</enable>
				<visible>Window.IsActive(MyPVRRecordings.xml)</visible>
			</control>
			<control type="image" id="105">
				<include>MenuBarSeparator</include>
				<visible>Window.IsActive(MyPVRRecordings.xml)</visible>
			</control>
			<control type="radiobutton" id="6">
				<description>Show hidden channels</description>
				<width>200</width>
				<textwidth>136</textwidth>
				<include>MenuBarRadioBtn</include>
				<label>[UPPERCASE]$LOCALIZE[19051][/UPPERCASE]</label>
				<enable>!Skin.HasSetting(EnableKioskMode)</enable>
				<visible>Window.IsActive(MyPVRChannels.xml)</visible>
			</control>
			<control type="radiobutton" id="7">
				<description>Show deleted recordings</description>
				<width>200</width>
				<textwidth>136</textwidth>
				<include>MenuBarRadioBtn</include>
				<label>[UPPERCASE]$LOCALIZE[19184][/UPPERCASE]</label>
				<enable>!Skin.HasSetting(EnableKioskMode)</enable>
				<visible>Window.IsActive(MyPVRRecordings.xml)</visible>
			</control>
			<control type="radiobutton" id="8">
				<description>Hide Disabled Timers</description>
				<width>200</width>
				<textwidth>136</textwidth>
				<include>MenuBarRadioBtn</include>
				<label>[UPPERCASE]$LOCALIZE[19077][/UPPERCASE]</label>
				<enable>!Skin.HasSetting(EnableKioskMode)</enable>
				<visible>Window.IsActive(MyPVRTimers.xml)</visible>
			</control>
			<control type="image" id="106">
				<include>MenuBarSeparator</include>
				<visible>Control.IsVisible(6) | Control.IsVisible(7) | Control.IsVisible(8)</visible>
			</control>
			<control type="button" id="38">
				<description>Settings</description>
				<include>MenuBarBigBtn</include>
				<label>[UPPERCASE]$LOCALIZE[10004][/UPPERCASE]</label>
				<onclick condition="Window.IsActive(MyPVRGuide.xml)">ActivateWindow(PVRSettings,epg)</onclick>
				<onclick condition="!Window.IsActive(MyPVRGuide.xml)">ActivateWindow(PVRSettings)</onclick>
				<enable>!Skin.HasSetting(EnableKioskMode)</enable>
				<visible>!Window.IsActive(MyPVRRecordings.xml)</visible>
			</control>
			<control type="button" id="41">
				<description>Settings</description>
				<width>160</width>
				<textwidth>134</textwidth>
				<include>MenuBarBigBtn</include>
				<label>[UPPERCASE]$LOCALIZE[10004][/UPPERCASE]</label>
				<onclick>ActivateWindow(PVRSettings,pvrrecord)</onclick>
				<enable>!Skin.HasSetting(EnableKioskMode)</enable>
				<visible>Window.IsActive(MyPVRRecordings.xml)</visible>
			</control>
			<control type="image" id="107">
				<include>MenuBarSeparator</include>
			</control>
			<!--
			<control type="button" id="108">
				<description>Fullscreen</description>
				<width>160</width>
				<textwidth>146</textwidth>
				<include>MenuBarBigBtn</include>
				<label>[UPPERCASE]$LOCALIZE[31961][/UPPERCASE]</label>
				<onclick>Fullscreen</onclick>
				<visible>Player.HasVideo</visible>
			</control>
			<control type="image" id="109">
				<include>MenuBarSeparator</include>
				<visible>Player.HasVideo</visible>
			</control>
			-->
		</control>
	</include>
	
	<include name="EventLogMenuBar">
		<control type="group" id="505">
			<description>Menu Bar Area</description>
			<depth>DepthMenuBar</depth>
			<top>MenuBarOffsetY</top>
			<include>MenuBarImage</include>
			<include>MenuBarOpenCloseAnim</include>
			<include>DefaultEventLogMenuBar</include>
			<visible allowhiddenfocus="true">ControlGroup(505).HasFocus | !Skin.HasSetting(HideMenuBar)</visible>
		</control>
	</include>

	<include name="DefaultEventLogMenuBar">
		<control type="group" id="850">
			<include content="MenuBarIconButtons">
				<param name="ondown" value="570" />
				<param name="onleft" value="212" />
				<param name="onright" value="212" />
				<param name="alttexture" value="Skin.HasSetting(EventLogMenuBarExtraOptions)" />
				<param name="onclick" value="noop" />
				<param name="enable" value="false" />
			</include>

			<control type="grouplist" id="212">
				<left>99</left>
				<width>ScreenWidth</width>
				<height>MenuBarHeight</height>
				<itemgap>0</itemgap>
				<onup>555</onup>
				<ondown>570</ondown>
				<onleft>347</onleft>
				<onright>345</onright>
				<orientation>horizontal</orientation>
				<usecontrolcoords>true</usecontrolcoords>
				<include>MenuBarBtnOpenCloseAnim</include>
				<visible>ControlGroup(505).HasFocus | !Skin.HasSetting(HideMenuBar)</visible>
				<control type="image" id="350">
					<include>MenuBarSeparator</include>
				</control>
				<control type="togglebutton" id="4">
					<description>Sort asc</description>
					<width>230</width>
					<textwidth>204</textwidth>
					<include>MenuBarBigBtn</include>
					<label>[UPPERCASE]$LOCALIZE[31110][/UPPERCASE]</label>
					<altlabel>[UPPERCASE]$LOCALIZE[31109][/UPPERCASE]</altlabel>
					<usealttexture>Container.SortDirection(Ascending)</usealttexture>
					<alttexturefocus border="4">gui/menu-bar-button-focus.png</alttexturefocus>
					<alttexturenofocus />
				</control>
				<control type="image" id="351">
					<include>MenuBarSeparator</include>
				</control>
				<control type="button" id="21">
					<description>Level button</description>
					<width>230</width>
					<textwidth>204</textwidth>
					<include>MenuBarBigBtn</include>
					<label>[UPPERCASE]-[/UPPERCASE]</label>
				</control>
				<control type="image" id="352">
					<include>MenuBarSeparator</include>
				</control>
				<control type="radiobutton" id="22">
					<description>Only show current level</description>
					<width>230</width>
					<textwidth>166</textwidth>
					<include>MenuBarRadioBtn</include>
					<label>[UPPERCASE]-[/UPPERCASE]</label>
				</control>
				<control type="image" id="353">
					<include>MenuBarSeparator</include>
				</control>
				<control type="button" id="20">
					<description>Clear button</description>
					<width>230</width>
					<textwidth>204</textwidth>
					<include>MenuBarBigBtn</include>
					<label>[UPPERCASE]$LOCALIZE[192][/UPPERCASE]</label>
				</control>
				<control type="image" id="354">
					<include>MenuBarSeparator</include>
				</control>
				<control type="button" id="355">
					<description>Settings button</description>
					<width>230</width>
					<textwidth>204</textwidth>
					<include>MenuBarBigBtn</include>
					<onclick>ActivateWindow(systemsettings,logging)</onclick>
					<label>[UPPERCASE]$LOCALIZE[5][/UPPERCASE]</label>
				</control>
				<control type="image" id="356">
					<include>MenuBarSeparator</include>
				</control>
			</control>
		</control>
	</include>
	
	<include name="VideoInfoMenuBar">
		<control type="grouplist" id="987">
			<left>2</left>
			<width>1275</width>
			<height>MenuBarHeight</height>
			<itemgap>0</itemgap>
			<align>center</align>
			<orientation>horizontal</orientation>
			<usecontrolcoords>true</usecontrolcoords>
			<onup>555</onup>
			<ondown>901</ondown>
			<onleft>987</onleft>
			<onright>987</onright>
			<include>MenuBarBtnOpenCloseAnim</include>
			<control type="image" id="115">
				<include>MenuBarSeparator</include>
			</control>
			<control type="button" id="8">
				<description>Play / Open</description>
				<include>MenuBarSettingsBtn</include>
				<label>[UPPERCASE]$VAR[DialogVideoInfoButton8][/UPPERCASE]</label>
			</control>
			<control type="image" id="117">
				<include>MenuBarSeparator</include>
			</control>
			<control type="button" id="5">
				<description>Cast/Plot</description>
				<include>MenuBarSettingsBtn</include>
				<label>[UPPERCASE]$LOCALIZE[206][/UPPERCASE]</label>
				<onfocus condition="!String.IsEmpty(Skin.String(VideoInfoMenubar))">Skin.Reset(VideoInfoMenubar)</onfocus>
				<visible>!String.IsEqual(ListItem.DBTYPE,video)</visible>
			</control>
			<control type="image" id="116">
				<include>MenuBarSeparator</include>
				<visible>!String.IsEqual(ListItem.DBTYPE,video)</visible>
			</control>
			<!--
			<control type="button" id="128">
				<description>Albums</description>
				<include>MenuBarSettingsBtn</include>
				<label>[UPPERCASE]$LOCALIZE[132][/UPPERCASE]</label>
				<onclick>Dialog.Close(movieinformation)</onclick>
				<onclick>ActivateWindow(Music,musicdb://albums/?artist=$INFO[ListItem.Artist]&amp;albumartistonly=true&amp;compilation=false)</onclick>
				<visible>String.IsEqual(ListItem.DBTYPE,musicvideo)</visible>
			</control>
			<control type="image" id="129">
				<include>MenuBarSeparator</include>
				<visible>String.IsEqual(ListItem.DBTYPE,musicvideo)</visible>
			</control>
			-->
			<control type="button" id="212">
				<description>Extra Information</description>
				<width>156</width>
				<textwidth>105</textwidth>
				<include>MenuBarArrowBtn</include>
				<label>[UPPERCASE]$LOCALIZE[31038][/UPPERCASE]</label>
				<onclick>Skin.SetString(ExtendedInfoDialog,7)</onclick>
				<onclick>ActivateWindow(1101)</onclick>
				<visible>![String.IsEqual(ListItem.DBTYPE,episode) | String.IsEqual(ListItem.DBTYPE,musicvideo) | String.IsEqual(ListItem.DBTYPE,video)]</visible>
			</control>
			<control type="button" id="215">
				<description>Search Youtube</description>
				<include>MenuBarSettingsBtn</include>
				<label>[UPPERCASE]$LOCALIZE[31092][/UPPERCASE]</label>
				<onclick condition="System.AddonIsEnabled(plugin.video.youtube)">Dialog.Close(movieinformation)</onclick>
				<onclick condition="System.AddonIsEnabled(plugin.video.youtube) + String.IsEqual(ListItem.DBTYPE,musicvideo)">ActivateWindow(videos,"plugin://plugin.video.youtube/kodion/search/query/?q=$INFO[ListItem.Artist] $INFO[ListItem.Label]/",return)</onclick>
				<onclick condition="System.AddonIsEnabled(plugin.video.youtube) + String.IsEqual(ListItem.DBTYPE,video)">ActivateWindow(videos,"plugin://plugin.video.youtube/kodion/search/query/?q=$INFO[ListItem.Label]/",return)</onclick>
				<onclick condition="System.AddonIsEnabled(plugin.video.youtube) + String.IsEqual(ListItem.DBTYPE,episode)">ActivateWindow(videos,"plugin://plugin.video.youtube/kodion/search/query/?q=$INFO[ListItem.TVShowTitle] $INFO[ListItem.Label]/",return)</onclick>
				<onclick condition="!System.HasAddon(plugin.video.youtube)">InstallAddon(plugin.video.youtube)</onclick>
				<onclick condition="System.HasAddon(plugin.video.youtube) + !System.AddonIsEnabled(plugin.video.youtube)">EnableAddon(plugin.video.youtube)</onclick>
				<visible>String.IsEqual(ListItem.DBTYPE,episode) | String.IsEqual(ListItem.DBTYPE,musicvideo) | String.IsEqual(ListItem.DBTYPE,video)</visible>
			</control>
			<control type="image" id="127">
				<include>MenuBarSeparator</include>
				<visible>Control.IsVisible(212) | Control.IsVisible(215)</visible>
			</control>
			<control type="button" id="119">
				<description>Manage</description>
				<width>156</width>
				<textwidth>105</textwidth>
				<include>MenuBarArrowBtn</include>
				<label>[UPPERCASE]$LOCALIZE[31130][/UPPERCASE]</label>
				<onclick>ActivateWindow(1106)</onclick>
				<enable>!Skin.HasSetting(EnableKioskMode)</enable>
			</control>
			<control type="image" id="118">
				<include>MenuBarSeparator</include>
			</control>
			<control type="button" id="11">
				<description>Play Trailer</description>
				<include>MenuBarSettingsBtn</include>
				<label>[UPPERCASE]$LOCALIZE[20410][/UPPERCASE]</label>
				<visible>!String.IsEmpty(ListItem.Trailer) + !Skin.HasSetting(PlayTrailerWindowed)</visible>
			</control>
			<control type="button" id="15">
				<description>Play Trailer</description>
				<include>MenuBarSettingsBtn</include>
				<label>[UPPERCASE]$LOCALIZE[20410][/UPPERCASE]</label>
				<onclick>PlayMedia($INFO[ListItem.Trailer],1)</onclick>
				<visible>!String.IsEmpty(ListItem.Trailer) + Skin.HasSetting(PlayTrailerWindowed)</visible>
			</control>
			<control type="button" id="211">
				<description>Search Trailer</description>
				<include>MenuBarSettingsBtn</include>
				<label>[UPPERCASE]$LOCALIZE[31019][/UPPERCASE]</label>
				<onclick condition="System.AddonIsEnabled(plugin.video.youtube)">Dialog.Close(movieinformation)</onclick>
				<onclick condition="System.AddonIsEnabled(plugin.video.youtube) + ![String.IsEqual(ListItem.DBTYPE,episode) | String.IsEqual(ListItem.DBTYPE,season)]">ActivateWindow(videos,"plugin://plugin.video.youtube/kodion/search/query/?q=$INFO[ListItem.Label] trailer/",return)</onclick>
				<onclick condition="System.AddonIsEnabled(plugin.video.youtube) + [String.IsEqual(ListItem.DBTYPE,episode) | String.IsEqual(ListItem.DBTYPE,season)]">ActivateWindow(videos,"plugin://plugin.video.youtube/kodion/search/query/?q=$INFO[ListItem.TVShowTitle] $INFO[ListItem.Label] trailer/",return)</onclick>
				<onclick condition="!System.HasAddon(plugin.video.youtube)">InstallAddon(plugin.video.youtube)</onclick>
				<onclick condition="System.HasAddon(plugin.video.youtube) + !System.AddonIsEnabled(plugin.video.youtube)">EnableAddon(plugin.video.youtube)</onclick>
				<visible>String.IsEmpty(ListItem.Trailer)</visible>
			</control>
			<control type="image" id="121">
				<include>MenuBarSeparator</include>
			</control>
			<control type="button" id="214">
				<description>Go To Set</description>
				<include>MenuBarSettingsBtn</include>
				<label>[UPPERCASE]$LOCALIZE[31153][/UPPERCASE]</label>
				<onclick>Dialog.Close(movieinformation)</onclick>
				<onclick>ActivateWindow(Videos,videodb://movies/sets/$INFO[ListItem.SetId]/?setid=$INFO[ListItem.SetId])</onclick>
				<visible>!String.IsEmpty(ListItem.SetID)</visible>
			</control>
			<control type="image" id="124">
				<include>MenuBarSeparator</include>
				<visible>Control.IsVisible(214)</visible>
			</control>
			<control type="button" id="210">
				<description>PreShowExperience</description>
				<include>MenuBarSettingsBtn</include>
				<label>[UPPERCASE]$INFO[System.AddonTitle(script.preshowexperience)][/UPPERCASE]</label>
				<onclick>Dialog.Close(MovieInformation)</onclick>
				<onclick>RunScript(script.preshowexperience,experience)</onclick>
				<visible>System.AddonIsEnabled(script.preshowexperience) + [String.IsEqual(ListItem.DBTYPE,movie) | String.IsEqual(ListItem.DBTYPE,tvshow) | String.IsEqual(ListItem.DBTYPE,season) | String.IsEqual(ListItem.DBTYPE,episode)]</visible>
			</control>
			<control type="image" id="122">
				<include>MenuBarSeparator</include>
				<visible>Control.IsVisible(210)</visible>
			</control>
			<control type="button" id="213">
				<description>Special Features</description>
				<include>MenuBarSettingsBtn</include>
				<label>[UPPERCASE]$ADDON[plugin.video.specialfeatures 30000][/UPPERCASE]</label>
				<onclick>Dialog.Close(MovieInformation)</onclick>
				<onclick>RunScript(plugin.video.specialfeatures,listitem)</onclick>
				<visible>System.AddonIsEnabled(plugin.video.specialfeatures) + String.IsEqual(Window(home).Property(SpecialFeatures.Visible),true)</visible>
			</control>
			<control type="image" id="123">
				<include>MenuBarSeparator</include>
				<visible>Control.IsVisible(213)</visible>
			</control>
		</control>
	</include>

	<include name="MusicInfoMenubar">
		<control type="grouplist" id="987">
			<width>ScreenWidth</width>
			<height>MenuBarHeight</height>
			<itemgap>0</itemgap>
			<align>center</align>
			<orientation>horizontal</orientation>
			<usecontrolcoords>true</usecontrolcoords>
			<onup>555</onup>
			<ondown>901</ondown>
			<onleft>987</onleft>
			<onright>987</onright>
			<include>MenuBarBtnOpenCloseAnim</include>
			<control type="image" id="115">
				<include>MenuBarSeparator</include>
			</control>
			<control type="button" id="126">
				<description>Play</description>
				<include>MenuBarSettingsBtn</include>
				<label>[UPPERCASE]$LOCALIZE[208][/UPPERCASE]</label>
				<onclick condition="Player.HasAudio">PlayerControl(stop)</onclick>
				<onclick condition="String.IsEqual(ListItem.DBTYPE,song)">PlayMedia($INFO[ListItem.FolderPath])</onclick>
				<onclick condition="String.IsEqual(ListItem.DBTYPE,album)">PlayMedia(musicdb://albums/$INFO[ListItem.DBID]/)</onclick>
				<visible>String.IsEqual(ListItem.DBTYPE,song) | String.IsEqual(ListItem.DBTYPE,album)</visible>
			</control>
			<control type="image" id="127">
				<include>MenuBarSeparator</include>
				<visible>Control.IsVisible(126)</visible>
			</control>
			<control type="togglebutton" id="116">
				<description>Tracks / Review / Comment</description>
				<alttexturefocus border="4">gui/menu-bar-button-focus.png</alttexturefocus>
				<alttexturenofocus />
				<include>MenuBarSettingsBtn</include>
				<onfocus condition="!String.IsEmpty(Skin.String(MusicInfoMenubar))">Skin.Reset(MusicInfoMenubar)</onfocus>
				<label>[UPPERCASE]$VAR[MusicInfoTextboxButtonLabel1][/UPPERCASE]</label>
				<altlabel>[UPPERCASE]$VAR[MusicInfoTextboxButtonLabel2][/UPPERCASE]</altlabel>
				<usealttexture>Skin.HasSetting(MusicInfoTracksReviewToggle)</usealttexture>
				<onclick condition="!Integer.IsEqual(Container(50).NumItems,0)">Skin.ToggleSetting(MusicInfoTracksReviewToggle)</onclick>
			</control>
			<control type="image" id="117">
				<include>MenuBarSeparator</include>
				<visible>Control.IsVisible(116)</visible>
			</control>
			<control type="button" id="209">
				<description>Extra Information</description>
				<width>156</width>
				<textwidth>105</textwidth>
				<include>MenuBarArrowBtn</include>
				<label>[UPPERCASE]$LOCALIZE[31038][/UPPERCASE]</label>
				<onclick>Skin.SetString(ExtendedInfoDialog,6)</onclick>
				<onclick>ActivateWindow(1101)</onclick>
			</control>
			<control type="image" id="121">
				<include>MenuBarSeparator</include>
			</control>
			<control type="button" id="6">
				<description>Refresh</description>
				<include>MenuBarSettingsBtn</include>
				<label>[UPPERCASE]-[/UPPERCASE]</label>
				<enable>!Skin.HasSetting(EnableKioskMode)</enable>
			</control>
			<control type="image" id="118">
				<include>MenuBarSeparator</include>
				<visible>Control.IsVisible(6)</visible>
			</control>
			<control type="button" id="10">
				<description>Get Thumb</description>
				<include>MenuBarSettingsBtn</include>
				<label>[UPPERCASE]-[/UPPERCASE]</label>
				<enable>!Skin.HasSetting(EnableKioskMode)</enable>
			</control>
			<control type="image" id="119">
				<include>MenuBarSeparator</include>
				<visible>Control.IsVisible(10)</visible>
			</control>
			<control type="button" id="12">
				<description>Get Fanart</description>
				<include>MenuBarSettingsBtn</include>
				<label>[UPPERCASE]-[/UPPERCASE]</label>
				<enable>!Skin.HasSetting(EnableKioskMode)</enable>
			</control>
			<control type="image" id="120">
				<include>MenuBarSeparator</include>
				<visible>Control.IsVisible(12)</visible>
			</control>
			<control type="button" id="7">
				<description>Set My Rating</description>
				<include>MenuBarSettingsBtn</include>
				<label>[UPPERCASE]-[/UPPERCASE]</label>
				<enable>!Skin.HasSetting(EnableKioskMode) + Control.IsEnabled(7)</enable>
			</control>
			<control type="image" id="122">
				<include>MenuBarSeparator</include>
				<visible>Control.IsVisible(7)</visible>
			</control>
			<control type="button" id="212">
				<description>Edit Database</description>
				<include>MenuBarSettingsBtn</include>
				<label>[UPPERCASE]$LOCALIZE[21435] $LOCALIZE[15101][/UPPERCASE]</label>
				<onclick>RunScript(script.libraryeditor,DBID=$INFO[ListItem.DBID])</onclick>
				<enable>!Skin.HasSetting(EnableKioskMode)</enable>
				<visible>System.AddonIsEnabled(script.libraryeditor)</visible>
			</control>
			<control type="image" id="124">
				<include>MenuBarSeparator</include>
				<visible>System.AddonIsEnabled(script.libraryeditor)</visible>
			</control>
		</control>
	</include>
	
	<include name="PVRInfoMenubar">
		<control type="grouplist" id="987">
			<width>ScreenWidth</width>
			<height>MenuBarHeight</height>
			<itemgap>0</itemgap>
			<align>center</align>
			<orientation>horizontal</orientation>
			<usecontrolcoords>true</usecontrolcoords>
			<onup>555</onup>
			<ondown>61</ondown>
			<onleft>987</onleft>
			<onright>987</onright>
			<include>MenuBarBtnOpenCloseAnim</include>
			<control type="image" id="115">
				<include>MenuBarSeparator</include>
			</control>
			<control type="button" id="5">
				<description>Switch</description>
				<include>MenuBarSettingsBtn</include>
				<label>[UPPERCASE]$LOCALIZE[19165][/UPPERCASE]</label>
				<visible>Window.IsVisible(PVRGuideInfo)</visible>
			</control>
			<control type="image" id="116">
				<include>MenuBarSeparator</include>
				<visible>Control.IsVisible(5)</visible>
			</control>
			<control type="button" id="10">
				<description>Play Programme</description>
				<include>MenuBarSettingsBtn</include>
				<label>[UPPERCASE]$LOCALIZE[19190][/UPPERCASE]</label>
				<visible>Window.IsVisible(PVRGuideInfo)</visible>
			</control>
			<control type="image" id="117">
				<include>MenuBarSeparator</include>
				<visible>Control.IsVisible(10)</visible>
			</control>
			<control type="button" id="8">
				<description>Play Recording</description>
				<include>MenuBarSettingsBtn</include>
				<label>[UPPERCASE]$LOCALIZE[19687][/UPPERCASE]</label>
				<visible>Window.IsVisible(PVRRecordingInfo) | Window.IsVisible(PVRGuideInfo)</visible>
			</control>
			<control type="image" id="118">
				<include>MenuBarSeparator</include>
				<visible>Control.IsVisible(8)</visible>
			</control>
			<control type="button" id="6">
				<description>Record</description>
				<include>MenuBarSettingsBtn</include>
				<label>[UPPERCASE]-[/UPPERCASE]</label>
				<visible>Window.IsVisible(PVRGuideInfo)</visible>
			</control>
			<control type="image" id="119">
				<include>MenuBarSeparator</include>
				<visible>Control.IsVisible(6)</visible>
			</control>
			<control type="button" id="9">
				<description>Add Timer</description>
				<include>MenuBarSettingsBtn</include>
				<label>[UPPERCASE]$LOCALIZE[19061][/UPPERCASE]</label>
				<visible>Window.IsActive(PVRGuideInfo)</visible>
			</control>
			<control type="image" id="120">
				<include>MenuBarSeparator</include>
				<visible>Control.IsVisible(9)</visible>
			</control>
			<control type="button" id="11">
				<description>Set Reminder</description>
				<include>MenuBarSettingsBtn</include>
				<label>[UPPERCASE]$LOCALIZE[826][/UPPERCASE]</label>
				<visible>Window.IsActive(PVRGuideInfo)</visible>
			</control>
			<control type="image" id="126">
				<include>MenuBarSeparator</include>
				<visible>Control.IsVisible(11)</visible>
			</control>
			<control type="button" id="4">
				<description>Find Similar</description>
				<include>MenuBarSettingsBtn</include>
				<label>[UPPERCASE]$LOCALIZE[19003][/UPPERCASE]</label>
				<visible>Window.IsVisible(PVRRecordingInfo) | Window.IsVisible(PVRGuideInfo)</visible>
			</control>
			<control type="image" id="121">
				<include>MenuBarSeparator</include>
				<visible>Window.IsVisible(PVRRecordingInfo) | Window.IsVisible(PVRGuideInfo)</visible>
			</control>
			<control type="button" id="122">
				<description>Trailer</description>
				<include>MenuBarSettingsBtn</include>
				<onclick condition="System.AddonIsEnabled(script.skin.helper.service)">Action(close)</onclick>
				<onclick condition="System.AddonIsEnabled(script.skin.helper.service)">PlayMedia($INFO[Window(Home).Property(SkinHelper.ListItem.Trailer)])</onclick>
				<onclick condition="!System.HasAddon(script.skin.helper.service)">InstallAddon(script.skin.helper.service)</onclick>
				<onclick condition="System.HasAddon(script.skin.helper.service) + !System.AddonIsEnabled(script.skin.helper.service)">EnableAddon(script.skin.helper.service)</onclick>
				<label>[UPPERCASE]$LOCALIZE[20410][/UPPERCASE]</label>
				<visible>!String.IsEmpty(Window(Home).Property(SkinHelper.ListItem.Trailer))</visible>
			</control>
			<control type="image" id="123">
				<include>MenuBarSeparator</include>
				<visible>!String.IsEmpty(Window(Home).Property(SkinHelper.ListItem.Trailer))</visible>
			</control>
			<control type="button" id="124">
				<description>Search Youtube</description>
				<include>MenuBarSettingsBtn</include>
				<onclick condition="System.AddonIsEnabled(plugin.video.youtube)">Action(close)</onclick>
				<onclick condition="System.AddonIsEnabled(plugin.video.youtube)">ActivateWindow(videos,"plugin://plugin.video.youtube/kodion/search/query/?q=$INFO[ListItem.Title]/",return)</onclick>
				<onclick condition="!System.HasAddon(plugin.video.youtube)">InstallAddon(plugin.video.youtube)</onclick>
				<onclick condition="System.HasAddon(plugin.video.youtube) + !System.AddonIsEnabled(plugin.video.youtube)">EnableAddon(plugin.video.youtube)</onclick>
				<label>[UPPERCASE]$LOCALIZE[31092][/UPPERCASE]</label>
			</control>
			<control type="image" id="125">
				<include>MenuBarSeparator</include>
			</control>
		</control>
	</include>
	
	<include name="AddonInfoMenuBar">
		<control type="grouplist" id="987">
			<width>ScreenWidth</width>
			<height>MenuBarHeight</height>
			<itemgap>0</itemgap>
			<align>center</align>
			<orientation>horizontal</orientation>
			<usecontrolcoords>true</usecontrolcoords>
			<onup>555</onup>
			<ondown>901</ondown>
			<onleft>987</onleft>
			<onright>987</onright>
			<include>MenuBarBtnOpenCloseAnim</include>
			<control type="image" id="115">
				<include>MenuBarSeparator</include>
			</control>
			<control type="button" id="9">
				<description>Add-on Settings</description>
				<width>156</width>
				<textwidth>142</textwidth>
				<include>MenuBarSettingsBtn</include>
				<label>[UPPERCASE]$LOCALIZE[24020][/UPPERCASE]</label>
				<enable>!Skin.HasSetting(EnableKioskMode)</enable>
			</control>
			<control type="image" id="116">
				<include>MenuBarSeparator</include>
			</control>
			<control type="button" id="6">
				<description>Install/UnInstall Add-on</description>
				<width>156</width>
				<textwidth>142</textwidth>
				<include>MenuBarSettingsBtn</include>
				<label>[UPPERCASE]$LOCALIZE[24022][/UPPERCASE]</label>
				<enable>!Skin.HasSetting(EnableKioskMode)</enable>
			</control>
			<control type="image" id="117">
				<include>MenuBarSeparator</include>
			</control>
			<control type="button" id="7">
				<description>Enable/Disable Add-on</description>
				<width>156</width>
				<textwidth>142</textwidth>
				<include>MenuBarSettingsBtn</include>
				<label>[UPPERCASE]$LOCALIZE[24021][/UPPERCASE]</label>
				<enable>!Skin.HasSetting(EnableKioskMode)</enable>
			</control>
			<control type="image" id="118">
				<include>MenuBarSeparator</include>
			</control>
			<control type="button" id="12">
				<description>Launch Add-on</description>
				<width>156</width>
				<textwidth>142</textwidth>
				<include>MenuBarSettingsBtn</include>
				<label>[UPPERCASE]$LOCALIZE[518][/UPPERCASE]</label>
			</control>
			<control type="image" id="119">
				<include>MenuBarSeparator</include>
			</control>
			<control type="button" id="8">
				<description>Update Add-on</description>
				<width>156</width>
				<textwidth>142</textwidth>
				<include>MenuBarSettingsBtn</include>
				<label>[UPPERCASE]$LOCALIZE[24069][/UPPERCASE]</label>
				<enable>!Skin.HasSetting(EnableKioskMode)</enable>
			</control>
			<control type="image" id="120">
				<include>MenuBarSeparator</include>
				<visible>Control.IsVisible(8)</visible>
			</control>
			<control type="radiobutton" id="13">
				<description>Auto-Update Add-on</description>
				<width>156</width>
				<textwidth>96</textwidth>
				<textoffsetx>7</textoffsetx>
				<include>MenuBarRadioBtn</include>
				<label>[UPPERCASE]$LOCALIZE[21340][/UPPERCASE]</label>
				<enable>!Skin.HasSetting(EnableKioskMode)</enable>
			</control>
			<control type="image" id="121">
				<include>MenuBarSeparator</include>
			</control>
			<control type="button" id="14">
				<description>Versions</description>
				<width>156</width>
				<textwidth>142</textwidth>
				<include>MenuBarSettingsBtn</include>
				<label>[UPPERCASE]$LOCALIZE[24069][/UPPERCASE]</label>
				<enable>!Skin.HasSetting(EnableKioskMode)</enable>
			</control>
			<control type="image" id="125">
				<include>MenuBarSeparator</include>
			</control>
			<control type="button" id="10">
				<description>Add-on Dependencies</description>
				<width>156</width>
				<textwidth>142</textwidth>
				<include>MenuBarSettingsBtn</include>
				<label>[UPPERCASE]$LOCALIZE[39024][/UPPERCASE]</label>
			</control>
			<control type="image" id="122">
				<include>MenuBarSeparator</include>
			</control>
			<control type="button" id="123">
				<description>Information: Description / News / Changelog / Screenshots</description>
				<width>156</width>
				<textwidth>105</textwidth>
				<include>MenuBarArrowBtn</include>
				<label>[UPPERCASE]$LOCALIZE[14116][/UPPERCASE]</label>
				<onclick>Skin.SetString(ExtendedInfoDialog,8)</onclick>
				<onclick>ActivateWindow(1101)</onclick>
				<visible>![String.IsEmpty(ListItem.AddonNews) + Integer.IsEqual(Container(50).NumItems,0) + String.IsEmpty(Window(Home).Property(Changelog))]</visible>
			</control>
			<control type="image" id="124">
				<include>MenuBarSeparator</include>
				<visible>![String.IsEmpty(ListItem.AddonNews) + Integer.IsEqual(Container(50).NumItems,0) + String.IsEmpty(Window(Home).Property(Changelog))]</visible>
			</control>
		</control>
	</include>
	
	<include name="ProgramsInfoMenuBar">
		<control type="grouplist" id="987">
			<width>ScreenWidth</width>
			<height>MenuBarHeight</height>
			<itemgap>0</itemgap>
			<align>center</align>
			<orientation>horizontal</orientation>
			<usecontrolcoords>true</usecontrolcoords>
			<onup>555</onup>
			<ondown>901</ondown>
			<onleft>987</onleft>
			<onright>987</onright>
			<include>MenuBarBtnOpenCloseAnim</include>
			<control type="image" id="115">
				<include>MenuBarSeparator</include>
			</control>
			<control type="button" id="8">
				<description>Play</description>
				<include>MenuBarSettingsBtn</include>
				<onclick>Close</onclick>
				<onclick>RunPlugin($INFO[ListItem.FileNameAndPath])</onclick>
				<oninfo>Dialog.Close(1122)</oninfo>
				<label>[UPPERCASE]$LOCALIZE[208][/UPPERCASE]</label>
			</control>
			<control type="image" id="117">
				<include>MenuBarSeparator</include>
			</control>
			<control type="button" id="5">
				<description>Get Info</description>
				<include>MenuBarSettingsBtn</include>
				<onclick>RunPlugin($INFO[ListItem.FileNameAndPath]/%%GET_INFO%%)</onclick>
				<oninfo>Dialog.Close(1122)</oninfo>
				<label>[UPPERCASE]$LOCALIZE[32073][/UPPERCASE]</label>
				<enable>!Skin.HasSetting(EnableKioskMode)</enable>
			</control>
			<control type="image" id="116">
				<include>MenuBarSeparator</include>
			</control>
			<control type="button" id="10">
				<description>Get Thumb</description>
				<include>MenuBarSettingsBtn</include>
				<onclick>RunPlugin($INFO[ListItem.FileNameAndPath]/%%GET_THUMB%%)</onclick>
				<oninfo>Dialog.Close(1122)</oninfo>
				<label>[UPPERCASE]$LOCALIZE[13405][/UPPERCASE]</label>
				<enable>!Skin.HasSetting(EnableKioskMode)</enable>
			</control>
			<control type="image" id="119">
				<include>MenuBarSeparator</include>
			</control>
			<control type="button" id="12">
				<description>Get Fanart</description>
				<include>MenuBarSettingsBtn</include>
				<onclick>RunPlugin($INFO[ListItem.FileNameAndPath]/%%GET_FANART%%)</onclick>
				<oninfo>Dialog.Close(1122)</oninfo>
				<label>[UPPERCASE]$LOCALIZE[20413][/UPPERCASE]</label>
				<enable>!Skin.HasSetting(EnableKioskMode)</enable>
			</control>
			<control type="image" id="120">
				<include>MenuBarSeparator</include>
			</control>
		</control>
	</include>
	
	<include name="EmbuaryInfoPersonMenuBar">
		<control type="grouplist" id="987">
			<width>ScreenWidth</width>
			<height>MenuBarHeight</height>
			<itemgap>0</itemgap>
			<align>center</align>
			<orientation>horizontal</orientation>
			<usecontrolcoords>true</usecontrolcoords>
			<onup>555</onup>
			<include>MenuBarBtnOpenCloseAnim</include>
			<control type="image" id="141">
				<include>MenuBarSeparator</include>
			</control>
			<control type="button" id="142">
				<description>Biography</description>
				<ondown>901</ondown>
				<include>MenuBarSettingsBtn</include>
				<label>[UPPERCASE]$LOCALIZE[21887][/UPPERCASE]</label>
				<onfocus>Skin.SetString(EmbuaryInfo,1)</onfocus>
			</control>
			<control type="image" id="143">
				<include>MenuBarSeparator</include>
			</control>
			<control type="button" id="144">
				<description>Movies</description>
				<ondown>10052</ondown>
				<include>MenuBarSettingsBtn</include>
				<label>[UPPERCASE]$LOCALIZE[342][/UPPERCASE]</label>
				<onfocus>Skin.SetString(EmbuaryInfo,2)</onfocus>
				<visible>Integer.IsGreater(Container(10052).NumItems,0)</visible>
			</control>
			<control type="image" id="145">
				<include>MenuBarSeparator</include>
				<visible>Integer.IsGreater(Container(10052).NumItems,0)</visible>
			</control>
			<control type="button" id="146">
				<description>TV Shows</description>
				<ondown>10053</ondown>
				<include>MenuBarSettingsBtn</include>
				<label>[UPPERCASE]$LOCALIZE[20343][/UPPERCASE]</label>
				<onfocus>Skin.SetString(EmbuaryInfo,3)</onfocus>
				<visible>Integer.IsGreater(Container(10053).NumItems,0)</visible>
			</control>
			<control type="image" id="147">
				<include>MenuBarSeparator</include>
				<visible>Integer.IsGreater(Container(250).NumItems,0)</visible>
			</control>
			<control type="button" id="148">
				<description>Artwork</description>
				<ondown>10054</ondown>
				<include>MenuBarSettingsBtn</include>
				<label>[UPPERCASE]$LOCALIZE[1][/UPPERCASE]</label>
				<onfocus>Skin.SetString(EmbuaryInfo,4)</onfocus>
				<visible>Integer.IsGreater(Container(10054).NumItems,0)</visible>
			</control>
			<control type="image" id="149">
				<include>MenuBarSeparator</include>
				<visible>Integer.IsGreater(Container(10054).NumItems,0)</visible>
			</control>
		</control>
	</include>
	
	<include name="EmbuaryVideoInfoMenuBar">
		<control type="grouplist" id="987">
			<width>ScreenWidth</width>
			<height>MenuBarHeight</height>
			<itemgap>0</itemgap>
			<align>center</align>
			<orientation>horizontal</orientation>
			<usecontrolcoords>true</usecontrolcoords>
			<onup>555</onup>
			<ondown condition="Skin.String(EmbuaryVideoInfo,3)">10053</ondown>
			<ondown condition="Skin.String(EmbuaryVideoInfo,5)">10059</ondown>
			<ondown condition="Skin.String(EmbuaryVideoInfo,6)">10055</ondown>
			<ondown condition="Skin.String(EmbuaryVideoInfo,8)">10054</ondown>
			<ondown condition="Skin.String(EmbuaryVideoInfo,13)">10057</ondown>
			<ondown condition="Skin.String(EmbuaryVideoInfo,14)">10058</ondown>
			<ondown condition="Control.IsVisible(901)">901</ondown>
			<include>MenuBarBtnOpenCloseAnim</include>
			<control type="image" id="115">
				<include>MenuBarSeparator</include>
			</control>
			<control type="button" id="118">
				<description>Play</description>
				<include>MenuBarSettingsBtn</include>
				<label>[UPPERCASE]$LOCALIZE[208][/UPPERCASE]</label>
				<onclick>PlayMedia($INFO[Container(10051).ListItem.Property(file)])</onclick>
				<onclick>Dialog.Close(all)</onclick>
				<visible>!String.IsEmpty(Container(10051).ListItem.DBID) + !String.IsEmpty(Container(10051).ListItem.Property(file)) + !String.IsEqual(Container(10051).ListItem.Property(call),tv)</visible>
			</control>
			<control type="button" id="119">
				<description>Browse</description>
				<include>MenuBarSettingsBtn</include>
				<label>[UPPERCASE]$LOCALIZE[1024][/UPPERCASE]</label>
				<onclick>Dialog.Close(all)</onclick>
				<onclick condition="!Window.IsVisible(MyVideoNav.xml)">ActivateWindow(videos,videodb://tvshows/titles/$INFO[Container(10051).ListItem.DBID]/,return)</onclick>
				<onclick condition="Window.IsVisible(MyVideoNav.xml)">Container.Update(videodb://tvshows/titles/$INFO[Container(10051).ListItem.DBID]/)</onclick>
				<visible>!String.IsEmpty(Container(10051).ListItem.DBID) + String.IsEqual(Container(10051).ListItem.Property(call),tv)</visible>
			</control>
			<control type="image" id="116">
				<include>MenuBarSeparator</include>
				<visible>!String.IsEmpty(Container(10051).ListItem.DBID)</visible>
			</control>
			<control type="button" id="128">
				<description>Information</description>
				<width>156</width>
				<include>MenuBarArrowBtn</include>
				<label>[UPPERCASE]$LOCALIZE[19033][/UPPERCASE]</label>
				<onclick>Skin.SetString(EmbuaryInfoDialog,1)</onclick>
				<onclick>Control.SetFocus(202)</onclick>
			</control>
			<control type="image" id="129">
				<include>MenuBarSeparator</include>
			</control>
			<control type="button" id="134">
				<description>Trailer</description>
				<include>MenuBarSettingsBtn</include>
				<label>[UPPERCASE]$LOCALIZE[20410][/UPPERCASE]</label>
				<onclick>PlayMedia($INFO[Container(10051).ListItem.Trailer])</onclick>
				<visible>!String.IsEmpty(Container(10051).ListItem.Trailer)</visible>
			</control>
			<control type="image" id="135">
				<include>MenuBarSeparator</include>
				<visible>!String.IsEmpty(Container(10051).ListItem.Trailer)</visible>
			</control>
		</control>
	</include>
	
	<include name="SingleMovieSetInfoMenuBar">
		<control type="grouplist" id="987">
			<width>ScreenWidth</width>
			<height>MenuBarHeight</height>
			<itemgap>0</itemgap>
			<align>center</align>
			<orientation>horizontal</orientation>
			<usecontrolcoords>true</usecontrolcoords>
			<onup>555</onup>
			<ondown>901</ondown>
			<include>MenuBarBtnOpenCloseAnim</include>
			<control type="image" id="115">
				<include>MenuBarSeparator</include>
			</control>
			<control type="button" id="116">
				<description>Back</description>
				<include>MenuBarSettingsBtn</include>
				<label>[UPPERCASE]$LOCALIZE[31937][/UPPERCASE]</label>
				<onclick>Dialog.Close(1117)</onclick>
				<oninfo>Dialog.Close(1117)</oninfo>
			</control>
			<control type="image" id="117">
				<include>MenuBarSeparator</include>
			</control>
			<control type="button" id="118">
				<description>Play</description>
				<include>MenuBarSettingsBtn</include>
				<label>[UPPERCASE]$LOCALIZE[208][/UPPERCASE]</label>
				<onclick>Dialog.Close(1117)</onclick>
				<onclick>PlayMedia($INFO[Container(901).ListItem.FileNameAndPath])</onclick>
				<oninfo>Dialog.Close(1117)</oninfo>
			</control>
			<control type="image" id="119">
				<include>MenuBarSeparator</include>
			</control>
			<control type="button" id="120">
				<description>Search Youtube</description>
				<include>MenuBarSettingsBtn</include>
				<label>[UPPERCASE]$LOCALIZE[31092][/UPPERCASE]</label>
				<onclick condition="System.AddonIsEnabled(plugin.video.youtube)">Dialog.Close(1117)</onclick>
				<onclick condition="System.AddonIsEnabled(plugin.video.youtube) + String.IsEqual(ListItem.DBTYPE,video)">ActivateWindow(videos,"plugin://plugin.video.youtube/kodion/search/query/?q=$INFO[Container(901).ListItem.Label]/",return)</onclick>
				<onclick condition="!System.HasAddon(plugin.video.youtube)">InstallAddon(plugin.video.youtube)</onclick>
				<onclick condition="System.HasAddon(plugin.video.youtube) + !System.AddonIsEnabled(plugin.video.youtube)">EnableAddon(plugin.video.youtube)</onclick>
				<oninfo>Dialog.Close(1117)</oninfo>
			</control>
			<control type="image" id="121">
				<include>MenuBarSeparator</include>
			</control>
			<control type="button" id="122">
				<description>Play Trailer</description>
				<include>MenuBarSettingsBtn</include>
				<label>[UPPERCASE]$LOCALIZE[20410][/UPPERCASE]</label>
				<onclick>Dialog.Close(1117)</onclick>
				<onclick>PlayMedia($INFO[Container(901).ListItem.Trailer])</onclick>
				<oninfo>Dialog.Close(1117)</oninfo>
				<visible>!String.IsEmpty(Container(901).ListItem.Trailer)</visible>
			</control>
			<control type="button" id="123">
				<description>Search Trailer</description>
				<include>MenuBarSettingsBtn</include>
				<label>[UPPERCASE]$LOCALIZE[31019][/UPPERCASE]</label>
				<onclick condition="System.AddonIsEnabled(plugin.video.youtube)">Dialog.Close(1117)</onclick>
				<onclick condition="System.AddonIsEnabled(plugin.video.youtube)">ActivateWindow(videos,"plugin://plugin.video.youtube/kodion/search/query/?q=$INFO[Container(901).ListItem.Label] trailer/",return)</onclick>
				<onclick condition="!System.HasAddon(plugin.video.youtube)">InstallAddon(plugin.video.youtube)</onclick>
				<onclick condition="System.HasAddon(plugin.video.youtube) + !System.AddonIsEnabled(plugin.video.youtube)">EnableAddon(plugin.video.youtube)</onclick>
				<oninfo>Dialog.Close(1117)</oninfo>
				<visible>String.IsEmpty(Container(901).ListItem.Trailer)</visible>
			</control>
			<control type="image" id="124">
				<include>MenuBarSeparator</include>
			</control>
		</control>
	</include>
</includes>