<?xml version="1.0" encoding="UTF-8"?>
<includes>
	<!--//// START THUMBS INFO VIEW ///////////////////////////////////////////////////////////////////-->
	<include name="ThumbsInfoView">
		<control type="group" id="500">
	        <defaultcontrol always="true">65</defaultcontrol>
			<visible>Control.IsVisible(65)</visible>
			<include>MediaViewOpenCloseAnim</include>
			<include>ViewContentPanel</include>
			<include condition="!Window.IsActive(Pictures)">ListInfo3MediaInfoPanelCommon</include>
			<include condition="Window.IsActive(Pictures)">ViewContentPanelPictures</include>
			
			<control type="group">
				<visible>Container.Content(Movies) | Container.Content(Sets)</visible>
				<include condition="Window.IsActive(Videos)">MoviesThumbsInfo</include>
			</control>
			
			<control type="group">
				<visible>Container.Content(TVShows)</visible>
				<include condition="Window.IsActive(Videos)">TVShowsThumbsInfo</include>
			</control>
			
			<include condition="Window.IsActive(Music)">MusicThumbsInfo</include>
			<include condition="Window.IsActive(Programs)">ProgramsThumbsInfo</include>
			<include condition="Window.IsActive(Pictures)">PicturesThumbsInfo</include>

			<control type="panel" id="65">
				<viewtype label="31116">icon</viewtype>
				<left>450</left>
				<top>111</top>
				<width>776</width>
				<height>514</height>
				<pagecontrol>90902</pagecontrol>
				<orientation>vertical</orientation>
				<preloaditems>2</preloaditems>
				<scrolltime tween="sine" easing="inout">350</scrolltime>
				<onleft>850</onleft>
				<onright>150</onright>
				<onup>65</onup>
				<ondown>65</ondown>
				<oninfo condition="Window.IsActive(Programs)">ActivateWindow(1122)</oninfo>
				<visible>Container.Content(Movies) | Container.Content(Sets) | Container.Content(TVShows) | Container.Content(Albums) | String.Contains(Container.FolderPath,plugin://plugin.program) | Container.HasFiles</visible>
				<itemlayout width="129" height="171" condition="[[Container.Content(Movies) | Container.Content(Sets)] + [Skin.String(ThumbsInfoMoviesStyle,1) | String.IsEmpty(Skin.String(ThumbsInfoMoviesStyle))]] | [Container.Content(TVShows) + Skin.HasSetting(UseTVShowsPosterCover) + [Skin.String(ThumbsInfoTVShowStyle,1) | String.IsEmpty(Skin.String(ThumbsInfoTVShowStyle))]] | [String.Contains(Container.FolderPath,plugin://plugin.program) + Skin.String(ProgramsThumbsInfoStyle,1)]">
					<control type="group">
						<top>-2</top>
						<include content="ThumbsInfoItemlayout">
							<param name="width" value="135" />
							<param name="height" value="178" />
							<param name="texture" value="$VAR[PosterThumb]" />
							<param name="aspectratio" value="scale" />
							<param name="visible_image" value="true" />
							<param name="bordersize" value="12" />
							<param name="visible_actualicon" value="String.IsEmpty(ListItem.Thumb)" />
						</include>
						<include content="ThumbsInfoOverlays">
							<param name="top_movies" value="133" />
							<param name="left_movies" value="96" />
							<param name="top_tvshows" value="138" />
							<param name="left_tvshows" value="96" />
						</include>
					</control>
				</itemlayout>
				<itemlayout width="256" height="128" condition="[[Container.Content(Movies) | Container.Content(Sets)] + Skin.String(ThumbsInfoMoviesStyle,2)] | [Container.Content(TVShows) + Skin.String(ThumbsInfoTVShowStyle,2)]">
					<control type="group">
						<top>-4</top>
						<include content="ThumbsInfoItemlayout">
							<param name="width" value="267" />
							<param name="height" value="139" />
							<param name="texture" value="$INFO[ListItem.Art(clearlogo)]" />
							<param name="aspectratio" value="keep" />
							<param name="visible_image" value="!String.IsEmpty(ListItem.Art(clearlogo))" />
							<param name="bordersize" value="8" />
							<param name="visible_actualicon" value="String.IsEmpty(ListItem.Art(clearlogo))" />
						</include>
						<include content="ThumbsInfoOverlays">
							<param name="top_movies" value="10" />
							<param name="left_movies" value="233" />
							<param name="top_tvshows" value="10" />
							<param name="left_tvshows" value="231" />
						</include>
					</control>
				</itemlayout>
				<itemlayout width="257" height="171" condition="[[Container.Content(Movies) | Container.Content(Sets)] + Skin.String(ThumbsInfoMoviesStyle,3)] | [Container.Content(TVShows) + Skin.String(ThumbsInfoTVShowStyle,3)]">
					<control type="group">
						<top>-5</top>
						<include content="ThumbsInfoItemlayout">
							<param name="width" value="268" />
							<param name="height" value="182" />
							<param name="texture" value="$INFO[ListItem.Art(clearlogo)]" />
							<param name="aspectratio" value="keep" />
							<param name="visible_image" value="String.IsEmpty(ListItem.Art(clearart)) + !String.IsEmpty(ListItem.Art(clearlogo))" />
							<param name="bordersize" value="24" />
							<param name="visible_actualicon" value="String.IsEmpty(ListItem.Art(clearlogo)) + String.IsEmpty(ListItem.Art(clearart))" />
						</include>
						<control type="image">
							<description>Clear Art</description>
							<width>268</width>
							<height>182</height>
							<texture background="true">$INFO[ListItem.Art(clearart)]</texture>
							<aspectratio aligny="bottom">keep</aspectratio>
							<bordersize>10</bordersize>
							<visible>!String.IsEmpty(ListItem.Art(clearart))</visible>
						</control>
						<include content="ThumbsInfoOverlays">
							<param name="top_movies" value="10" />
							<param name="left_movies" value="234" />
							<param name="top_tvshows" value="10" />
							<param name="left_tvshows" value="232" />
						</include>
					</control>
				</itemlayout>
				<focusedlayout width="129" height="171" condition="[[Container.Content(Movies) | Container.Content(Sets)] + [Skin.String(ThumbsInfoMoviesStyle,1) | String.IsEmpty(Skin.String(ThumbsInfoMoviesStyle))]] | [Container.Content(TVShows) + Skin.HasSetting(UseTVShowsPosterCover) + [Skin.String(ThumbsInfoTVShowStyle,1) | String.IsEmpty(Skin.String(ThumbsInfoTVShowStyle))]] | [String.Contains(Container.FolderPath,plugin://plugin.program) + Skin.String(ProgramsThumbsInfoStyle,1)]">
					<control type="group">
						<top>-2</top>
						<include condition="![Skin.String(LowCPUPowerMode,Animations) | Skin.String(LowCPUPowerMode,Full)]">ThumbsInfoDefaultStyleFocusAnim</include>
						<include content="ThumbsInfoFocusedlayout">
							<param name="width" value="135" />
							<param name="height" value="178" />
							<param name="texture" value="$VAR[PosterThumb]" />
							<param name="aspectratio" value="scale" />
							<param name="visible_image" value="true" />
							<param name="bordersize" value="12" />
							<param name="visible_actualicon" value="String.IsEmpty(ListItem.Thumb)" />
						</include>
						<include content="ThumbsInfoOverlays">
							<param name="top_movies" value="133" />
							<param name="left_movies" value="96" />
							<param name="top_tvshows" value="138" />
							<param name="left_tvshows" value="96" />
						</include>
					</control>
				</focusedlayout>
				<focusedlayout width="256" height="128" condition="[[Container.Content(Movies) | Container.Content(Sets)] + Skin.String(ThumbsInfoMoviesStyle,2)] | [Container.Content(TVShows) + Skin.String(ThumbsInfoTVShowStyle,2)]">
					<control type="group">
						<top>-4</top>
						<include condition="![Skin.String(LowCPUPowerMode,Animations) | Skin.String(LowCPUPowerMode,Full)]">ThumbsInfoLogoStyleFocusAnim</include>
						<include content="ThumbsInfoFocusedlayout">
							<param name="width" value="267" />
							<param name="height" value="139" />
							<param name="texture" value="$INFO[ListItem.Art(clearlogo)]" />
							<param name="aspectratio" value="keep" />
							<param name="visible_image" value="!String.IsEmpty(ListItem.Art(clearlogo))" />
							<param name="bordersize" value="8" />
							<param name="visible_actualicon" value="String.IsEmpty(ListItem.Art(clearlogo))" />
						</include>
						<include content="ThumbsInfoOverlays">
							<param name="top_movies" value="10" />
							<param name="left_movies" value="233" />
							<param name="top_tvshows" value="10" />
							<param name="left_tvshows" value="231" />
						</include>
					</control>
				</focusedlayout>
				<focusedlayout width="257" height="171" condition="[[Container.Content(Movies) | Container.Content(Sets)] + Skin.String(ThumbsInfoMoviesStyle,3)] | [Container.Content(TVShows) + Skin.String(ThumbsInfoTVShowStyle,3)]">
					<control type="group">
						<top>-5</top>
						<include condition="![Skin.String(LowCPUPowerMode,Animations) | Skin.String(LowCPUPowerMode,Full)]">ThumbsInfoClearArtStyleFocusAnim</include>
						<include content="ThumbsInfoFocusedlayout">
							<param name="width" value="268" />
							<param name="height" value="182" />
							<param name="texture" value="$INFO[ListItem.Art(clearlogo)]" />
							<param name="aspectratio" value="keep" />
							<param name="visible_image" value="String.IsEmpty(ListItem.Art(clearart)) + !String.IsEmpty(ListItem.Art(clearlogo))" />
							<param name="bordersize" value="25" />
							<param name="visible_actualicon" value="String.IsEmpty(ListItem.Art(clearlogo)) + String.IsEmpty(ListItem.Art(clearart))" />
						</include>
						<control type="image">
							<width>268</width>
							<height>182</height>
							<bordersize>10</bordersize>
							<texture background="true">$INFO[ListItem.Art(clearart)]</texture>
							<aspectratio aligny="bottom">keep</aspectratio>
							<visible>!String.IsEmpty(ListItem.Art(clearart))</visible>
						</control>
						<include content="ThumbsInfoOverlays">
							<param name="top_movies" value="10" />
							<param name="left_movies" value="234" />
							<param name="top_tvshows" value="10" />
							<param name="left_tvshows" value="232" />
						</include>
					</control>
				</focusedlayout>
				<include condition="Window.IsActive(Videos) + !Skin.HasSetting(UseTVShowsPosterCover)">TVShowsThumbsInfoBannerStyle</include>
				<include condition="Window.IsActive(Music) | Window.IsActive(Programs)">MusicProgramsThumbsInfoLayout</include>
				<include condition="Window.IsActive(Pictures)">PicturesThumbsInfoLayout</include>
			</control>
			
			<include content="ThumbsInfoViewScrollbar">
				<param name="id" value="90902" />
			</include>
			
			<control type="group">
				<description>Bottom Bar Area</description>
				<top>BottomPaneOffsetY</top>
				<include>InfoPaneMediaDetails</include>
				<!--<include condition="Window.IsActive(Music) + !Skin.HasSetting(EnableMusicLibraryClearLogos)">InfoPaneClearLogoMusic</include>-->
				<include>BottomPaneOpenCloseAnim</include>
				
				<control type="group">
					<visible>[[Container.Content(TVShows) + !Skin.HasSetting(HideTVShowsThumbsInfoLabel)] | [[Container.Content(Movies) | Container.Content(Sets)] + !Skin.HasSetting(HideMoviesThumbsInfoLabel)] | [Container.Content(Albums) + !Skin.HasSetting(HideMusicThumbsInfoLabel)] | [Window.IsActive(Programs) + !Skin.HasSetting(HideProgramsThumbsInfoLabel)]] + !ListItem.IsParentFolder</visible>
					
					<control type="label">
						<include>InfoPaneItemTitle</include>
						<label>[B]$VAR[ThumbsInfoInfoPaneItemTitle][/B]</label>
						<visible>[Window.IsActive(Videos) + [String.IsEmpty(ListItem.Art(clearlogo)) | Skin.HasSetting(DisableVideosClearLogo)]] | Container.Content(Albums) | Window.IsActive(Programs)</visible>
					</control>
						
					<control type="label">
						<include>InfoPaneItemTitle2</include>
						<label>$VAR[ThumbsInfoInfoPaneItemTitle2]</label>
						<visible>Container.Content(Albums) | Window.IsActive(Programs)</visible>
					</control>
					
					<control type="group">
						<visible>Window.IsActive(Videos)</visible>
						<control type="group">
							<animation effect="slide" end="0,-11" condition="true">Conditional</animation>
							<include condition="!Skin.HasSetting(DisableVideosClearLogo)">InfoPaneClearLogoVideos</include>
						</control>
						
						<control type="image">
							<left>590</left>
							<top>24</top>
							<width>100</width>
							<height>16</height>
							<texture background="true">$VAR[StarRating]</texture>
							<aspectratio>keep</aspectratio>
							<animation effect="slide" end="0,8" time="100" condition="!String.IsEmpty(ListItem.Art(clearlogo)) + !Skin.HasSetting(DisableVideosClearLogo)">Conditional</animation>
							<include>MediaFlagFadeAnim</include>
							<visible>![String.IsEmpty(ListItem.Rating) + String.IsEmpty(ListItem.UserRating)]</visible>
						</control>
					</control>
				</control>
			</control>

			<include>ViewsDialogPopUpScreenDim</include>
		</control>
	</include>
	<!--//// END THUMBS INFO VIEW ////////////////////////////////////////////////////////////////////////////-->
	
	<!-- INCLUDES -->
	<variable name="ThumbsInfoInfoPaneItemTitle">
		<value condition="ListItem.IsBoxset + !String.IsEqual(ListItem.Album,ListItem.Title)">$INFO[ListItem.Title]$INFO[ListItem.Album,  (,)]</value>
		<value condition="Container.Content(Albums) + !String.IsEmpty(ListItem.Artist)">$INFO[ListItem.Album]</value>
		<value>$INFO[ListItem.Label]</value>
	</variable>
	
	<variable name="ThumbsInfoInfoPaneItemTitle2">
		<value condition="Container.Content(Albums)">$INFO[ListItem.Artist]</value>
		<value>$INFO[ListItem.Premiered]</value>
	</variable>
	
	<include name="ThumbsInfoOverlays">
		<control type="group">
			<visible>[Container.Content(Movies) | Container.Content(Sets)] + !Skin.HasSetting(HideMoviesThumbsInfoOverlay)</visible>
			<top>$PARAM[top_movies]</top>
			<left>$PARAM[left_movies]</left>
			<control type="image">
				<description>Overlay</description>
				<width>24</width>
				<height>24</height>
				<texture background="true">$INFO[ListItem.Overlay]</texture>
				<aspectratio>keep</aspectratio>
			</control>
			<control type="image">
				<description>Watched Partial</description>
				<width>24</width>
				<height>24</height>
				<texture background="true">$VAR[WatchedPartial]</texture>
				<aspectratio>keep</aspectratio>
				<visible>ListItem.IsResumable + !String.IsEqual(ListItem.Overlay,OverlayWatched.png)</visible>
			</control>
		</control>
		<control type="group">
			<visible>Container.Content(TVShows) + !Skin.HasSetting(HideTVShowsThumbsInfoOverlay)</visible>
			<top>$PARAM[top_tvshows]</top>
			<left>$PARAM[left_tvshows]</left>
			<control type="image">
				<description>Overlay</description>
				<width>26</width>
				<height>26</height>
				<texture background="true">$INFO[ListItem.Overlay]</texture>
				<aspectratio>keep</aspectratio>
			</control>
			<control type="image">
				<description>Unwatched Overlay</description>
				<width>26</width>
				<height>26</height>
				<texture background="true">OverlayClean.png</texture>
				<aspectratio align="right">keep</aspectratio>
				<animation effect="fade" end="85" condition="true">Conditional</animation>
				<visible>$EXP[UnwatchedEpisodesOverlay]</visible>
			</control>
			<control type="label">
				<description>Unwatched Episodes</description>
				<width>26</width>
				<height>26</height>
				<font>ListFont3</font>
				<textcolor>white</textcolor>
				<align>center</align>
				<aligny>center</aligny>
				<label>$INFO[ListItem.Property(UnWatchedEpisodes)]</label>
				<animation effect="fade" end="85" condition="true">Conditional</animation>
				<visible>$EXP[UnwatchedEpisodes99-]</visible>
			</control>
			<control type="label">
				<description>Unwatched Episodes</description>
				<width>26</width>
				<height>26</height>
				<font>ListFont4</font>
				<textcolor>white</textcolor>
				<align>center</align>
				<aligny>center</aligny>
				<label>$INFO[ListItem.Property(UnWatchedEpisodes)]</label>
				<animation effect="fade" end="85" condition="true">Conditional</animation>
				<visible>$EXP[UnwatchedEpisodes99+]</visible>
			</control>
		</control>
	</include>
	
	<include name="ThumbsInfoItemlayout">
		<control type="image">
			<description>Default Cover Case</description>
			<width>$PARAM[width]</width>
			<height>$PARAM[height]</height>
			<texture background="true" border="4">covers/cover-case2.png</texture>
			<aspectratio>stretch</aspectratio>
			<bordersize>6</bordersize>
			<animation effect="fade" end="50" condition="true">Conditional</animation>
		</control>
		<control type="group">
			<include>MissingVideoFadeAnim</include>
			<control type="image">
				<description>Default Cover</description>
				<width>$PARAM[width]</width>
				<height>$PARAM[height]</height>
				<bordersize>$PARAM[bordersize]</bordersize>
				<texture background="true">$INFO[ListItem.ActualIcon]</texture>
				<aspectratio align="center">keep</aspectratio>
				<animation effect="fade" end="60" condition="true">Conditional</animation>
				<visible>$PARAM[visible_actualicon]</visible>
			</control>
			<control type="image">
				<description>Cover</description>
				<width>$PARAM[width]</width>
				<height>$PARAM[height]</height>
				<texture background="true">$PARAM[texture]</texture>
				<aspectratio>$PARAM[aspectratio]</aspectratio>
				<bordersize>10</bordersize>
				<visible>$PARAM[visible_image]</visible>
			</control>
		</control>
	</include>
	
	<include name="ThumbsInfoFocusedlayout">
		<control type="image">
			<width>$PARAM[width]</width>
			<height>$PARAM[height]</height>
			<texture border="7">covers/cover-case-focus.png</texture>
			<aspectratio>stretch</aspectratio>
			<animation effect="fade" start="0" end="100" time="150" reversible="false">Focus</animation>
		</control>
		<control type="group">
			<include>MissingVideoFadeAnim</include>
			<control type="image">
				<width>$PARAM[width]</width>
				<height>$PARAM[height]</height>
				<bordersize>9</bordersize>
				<texture background="true">dim.png</texture>
				<aspectratio>stretch</aspectratio>
			</control>
			<control type="image">
				<width>$PARAM[width]</width>
				<height>$PARAM[height]</height>
				<bordersize>$PARAM[bordersize]</bordersize>
				<texture background="true">$INFO[ListItem.ActualIcon]</texture>
				<aspectratio align="center">keep</aspectratio>
				<visible>$PARAM[visible_actualicon]</visible>
			</control>
			<control type="image">
				<width>$PARAM[width]</width>
				<height>$PARAM[height]</height>
				<bordersize>10</bordersize>
				<texture background="true">$PARAM[texture]</texture>
				<aspectratio>$PARAM[aspectratio]</aspectratio>
				<visible>$PARAM[visible_image]</visible>
			</control>
		</control>
	</include>
	
	<include name="ThumbsInfoPicturesGenre">
		<control type="image">
			<description>Title Background</description>
			<left>10</left>
			<top>228</top>
			<width>244</width>
			<height>25</height>
			<texture background="true">dim.png</texture>
			<visible>!ListItem.IsParentFolder</visible>
		</control>
		<control type="label">
			<description>Genre</description>
			<left>13</left>
			<top>229</top>
			<width>240</width>
			<align>center</align>
			<font>MediaInfoFont3</font>
			<textcolor>WhiteColor</textcolor>
			<shadowcolor>ShadowColor</shadowcolor>
			<label>[UPPERCASE]$INFO[ListItem.Label][/UPPERCASE]</label>
			<scroll>$PARAM[scroll]</scroll>
			<animation effect="fade" end="90" condition="true">Conditional</animation>
			<visible>!ListItem.IsParentFolder</visible>
		</control>
	</include>
	
	<include name="TVShowsThumbsInfoBannerStyle">
		<itemlayout width="386" height="73" condition="Container.Content(TVShows) + [Skin.String(ThumbsInfoTVShowStyle,1) | String.IsEmpty(Skin.String(ThumbsInfoTVShowStyle))]">
			<control type="group">
				<top>-3</top>
				<control type="image">
					<description>Default Cover Case</description>
					<width>395</width>
					<height>83</height>
					<texture background="true" border="4">covers/cover-case2.png</texture>
					<aspectratio>stretch</aspectratio>
					<bordersize>6</bordersize>
					<animation effect="fade" end="50" condition="true">Conditional</animation>
				</control>
				<control type="image">
					<description>Default Cover</description>
					<width>395</width>
					<height>83</height>
					<bordersize>12</bordersize>
					<texture background="true">$INFO[ListItem.ActualIcon]</texture>
					<aspectratio>keep</aspectratio>
					<visible>String.IsEmpty(ListItem.Thumb)</visible>
					<animation effect="fade" end="60" condition="true">Conditional</animation>
				</control>
				<control type="image">
					<description>Cover</description>
					<width>395</width>
					<height>83</height>
					<texture background="true">$INFO[ListItem.Art(banner)]</texture>
					<aspectratio>scale</aspectratio>
					<bordersize>10</bordersize>
				</control>
				<control type="image">
					<description>Overlay</description>
					<left>355</left>
					<top>43</top>
					<width>26</width>
					<height>26</height>
					<texture background="true">$INFO[ListItem.Overlay]</texture>
					<aspectratio>keep</aspectratio>
					<visible>!Skin.HasSetting(HideTVShowsThumbsInfoOverlay)</visible>
					<animation effect="fade" end="80" condition="true">Conditional</animation>
				</control>
				<control type="image">
					<description>Unwatched Overlay</description>
					<left>355</left>
					<top>43</top>
					<width>26</width>
					<height>26</height>
					<texture background="true">OverlayClean.png</texture>
					<aspectratio align="right">keep</aspectratio>
					<animation effect="fade" end="85" condition="true">Conditional</animation>
					<visible>!Skin.HasSetting(HideTVShowsThumbsInfoOverlay) + $EXP[UnwatchedEpisodesOverlay]</visible>
				</control>
				<control type="label">
					<description>Unwatched Episodes</description>
					<top>47</top>
					<left>355</left>
					<width>26</width>
					<font>ListFont3</font>
					<textcolor>white</textcolor>
					<align>center</align>
					<label>$INFO[ListItem.Property(UnWatchedEpisodes)]</label>
					<animation effect="fade" end="85" condition="true">Conditional</animation>
					<visible>!Skin.HasSetting(HideTVShowsThumbsInfoOverlay) + $EXP[UnwatchedEpisodes99-]</visible>
				</control>
				<control type="label">
					<description>Unwatched Episodes</description>
					<top>47</top>
					<left>355</left>
					<width>26</width>
					<font>ListFont4</font>
					<textcolor>white</textcolor>
					<align>center</align>
					<label>$INFO[ListItem.Property(UnWatchedEpisodes)]</label>
					<animation effect="fade" end="85" condition="true">Conditional</animation>
					<visible>!Skin.HasSetting(HideTVShowsThumbsInfoOverlay) + $EXP[UnwatchedEpisodes99+]</visible>
				</control>
			</control>
		</itemlayout>
		<focusedlayout width="386" height="73" condition="Container.Content(TVShows) + [Skin.String(ThumbsInfoTVShowStyle,1) | String.IsEmpty(Skin.String(ThumbsInfoTVShowStyle))]">
			<control type="group">
				<top>-3</top>
				<include>DVDThumbsStyleCoverImageBanner</include>
				<include>DVDThumbsStyleOverlayImageBanner</include>
				<include condition="![Skin.String(LowCPUPowerMode,Animations) | Skin.String(LowCPUPowerMode,Full)]">ThumbsInfoBannerStyleFocusAnim</include>
			</control>
		</focusedlayout>
	</include>
	
	<include name="MusicProgramsThumbsInfoLayout">
		<itemlayout width="128" height="128" condition="Container.Content(Albums) | [String.Contains(Container.FolderPath,plugin://plugin.program) + Skin.String(ProgramsThumbsInfoStyle,2)]">
			<control type="group">
				<top>-2</top>
				<left>2</left>
				<include content="ThumbsInfoItemlayout">
					<param name="width" value="136" />
					<param name="height" value="136" />
					<param name="texture" value="$INFO[ListItem.Thumb]" />
					<param name="aspectratio" value="scale" />
					<param name="visible_image" value="true" />
					<param name="bordersize" value="20" />
					<param name="visible_actualicon" value="String.IsEmpty(ListItem.Thumb)" />
				</include>
			</control>
		</itemlayout>
		<itemlayout width="194" height="128" condition="String.Contains(Container.FolderPath,plugin://plugin.program) + Skin.String(ProgramsThumbsInfoStyle,3)">
			<control type="group">
				<top>-3</top>
				<left>-1</left>
				<include content="ThumbsInfoItemlayout">
					<param name="width" value="202" />
					<param name="height" value="137" />
					<param name="texture" value="$INFO[ListItem.Thumb]" />
					<param name="aspectratio" value="scale" />
					<param name="visible_image" value="true" />
					<param name="bordersize" value="20" />
					<param name="visible_actualicon" value="String.IsEmpty(ListItem.Thumb)" />
				</include>
			</control>
		</itemlayout>
		<focusedlayout width="128" height="128" condition="Container.Content(Albums) | [String.Contains(Container.FolderPath,plugin://plugin.program) + Skin.String(ProgramsThumbsInfoStyle,2)]">
			<control type="group">
				<top>-2</top>
				<left>2</left>
				<include condition="![Skin.String(LowCPUPowerMode,Animations) | Skin.String(LowCPUPowerMode,Full)]">ThumbsInfoSquareFocusAnim</include>
				<include content="ThumbsInfoFocusedlayout">
					<param name="width" value="136" />
					<param name="height" value="136" />
					<param name="texture" value="$INFO[ListItem.Thumb]" />
					<param name="aspectratio" value="scale" />
					<param name="visible_image" value="true" />
					<param name="bordersize" value="20" />
					<param name="visible_actualicon" value="String.IsEmpty(ListItem.Thumb)" />
				</include>
			</control>
		</focusedlayout>
		<focusedlayout width="194" height="128" condition="String.Contains(Container.FolderPath,plugin://plugin.program) + Skin.String(ProgramsThumbsInfoStyle,3)">
			<control type="group">
				<top>-3</top>
				<left>-1</left>
				<include condition="![Skin.String(LowCPUPowerMode,Animations) | Skin.String(LowCPUPowerMode,Full)]">ProgramsThumbsInfoWideFocusAnim</include>
				<include content="ThumbsInfoFocusedlayout">
					<param name="width" value="202" />
					<param name="height" value="137" />
					<param name="texture" value="$INFO[ListItem.Thumb]" />
					<param name="aspectratio" value="scale" />
					<param name="visible_image" value="true" />
					<param name="bordersize" value="20" />
					<param name="visible_actualicon" value="String.IsEmpty(ListItem.Thumb)" />
				</include>
			</control>
		</focusedlayout>
	</include>
	
	<include name="PicturesThumbsInfoLayout">
		<itemlayout width="258" height="256">
			<control type="group">
				<top>-2</top>
				<include content="ThumbsInfoItemlayout">
					<param name="width" value="264" />
					<param name="height" value="263" />
					<param name="texture" value="$INFO[ListItem.Thumb]" />
					<param name="aspectratio" value="keep" />
					<param name="visible_image" value="true" />
					<param name="bordersize" value="20" />
					<param name="visible_actualicon" value="String.IsEmpty(ListItem.Thumb)" />
				</include>
				<control type="image">
					<description>Dim</description>
					<width>264</width>
					<height>263</height>
					<texture background="true">dim.png</texture>
					<aspectratio>stretch</aspectratio>
					<bordersize>10</bordersize>
					<include>CoverDimAnim</include>
				</control>
				<include content="ThumbsInfoPicturesGenre">
					<param name="scroll" value="false" />
				</include>
			</control>
		</itemlayout>
		<focusedlayout width="258" height="256">
			<control type="group">
				<top>-2</top>
				<include condition="![Skin.String(LowCPUPowerMode,Animations) | Skin.String(LowCPUPowerMode,Full)]">PicturesThumbsInfoSquareFocusAnim</include>
				<include content="ThumbsInfoFocusedlayout">
					<param name="width" value="264" />
					<param name="height" value="263" />
					<param name="texture" value="$INFO[ListItem.Thumb]" />
					<param name="aspectratio" value="keep" />
					<param name="visible_image" value="true" />
					<param name="bordersize" value="20" />
					<param name="visible_actualicon" value="String.IsEmpty(ListItem.Thumb)" />
				</include>
				<include content="ThumbsInfoPicturesGenre">
					<param name="scroll" value="true" />
				</include>
			</control>
		</focusedlayout>
	</include>
	
	<include name="MoviesThumbsInfo">
		<control type="group">
			<visible>!ListItem.IsParentFolder</visible>
			<include>ListInfo3PanelFanart</include>
			
			<include content="ThumbsInfoMediaInfoArea">
				<param name="visible" value="!ListItem.IsCollection" />
				<param name="Grouplist1LabelWidth" value="110" />
				<param name="Grouplist1Label" value="$LOCALIZE[20339]" />
				<param name="Grouplist1InfoWidth" value="190" />
				<param name="Grouplist1Info" value="$INFO[ListItem.Director]" />
				<param name="Grouplist2LabelWidth" value="110" />
				<param name="Grouplist2Label" value="$LOCALIZE[2050]" />
				<param name="Grouplist2InfoWidth" value="110" />
				<param name="Grouplist2Info" value="$VAR[DurationVar]" />
				<param name="Grouplist3LabelWidth" value="110" />
				<param name="Grouplist3Label" value="$LOCALIZE[345]" />
				<param name="Grouplist3InfoWidth" value="110" />
				<param name="Grouplist3Info" value="$INFO[ListItem.Year]" />
				<param name="Grouplist4LabelWidth" value="110" />
				<param name="Grouplist4Label" value="$LOCALIZE[563]" />
				<param name="Grouplist4InfoWidth" value="110" />
				<param name="Grouplist4Info" value="$VAR[RatingType]" />
			</include>
			
			<include content="ThumbsInfoMediaInfoArea">
				<param name="visible" value="ListItem.IsCollection" />
				<param name="Grouplist1LabelWidth" value="110" />
				<param name="Grouplist1Label" value="$LOCALIZE[20342]" />
				<param name="Grouplist1InfoWidth" value="190" />
				<param name="Grouplist1Info" value="$VAR[MovieSetCount]" />
				<param name="Grouplist2LabelWidth" value="110" />
				<param name="Grouplist2Label" value="$LOCALIZE[345]" />
				<param name="Grouplist2InfoWidth" value="220" />
				<param name="Grouplist2Info" value="$VAR[MovieYear]" />
				<param name="Grouplist3LabelWidth" value="110" />
				<param name="Grouplist3Label" value="$LOCALIZE[563]" />
				<param name="Grouplist3InfoWidth" value="110" />
				<param name="Grouplist3Info" value="$VAR[RatingType]" />
				<param name="Grouplist4LabelWidth" value="110" />
				<param name="Grouplist4Label" value="$LOCALIZE[2050]" />
				<param name="Grouplist4InfoWidth" value="110" />
				<param name="Grouplist4Info" value="$VAR[SkinHelperDurationVar]" />
			</include>
			
			<include content="ThumbsInfoPlot">
				<param name="fallback" value="31203" />
				<param name="label" value="$VAR[MoviePlot]" />
			</include>
		</control>
	</include>
	
	<include name="TVShowsThumbsInfo">
		<control type="group">
			<visible>!ListItem.IsParentFolder</visible>
			<include condition="!Skin.HasSetting(ShowTVShowsLandscape)">ListInfo3PanelFanart</include>
			<include condition="Skin.HasSetting(ShowTVShowsLandscape)">ListInfo3PanelLandscape</include>
			
			<include content="ThumbsInfoMediaInfoArea">
				<param name="visible" value="true" />
				<param name="Grouplist1LabelWidth" value="110" />
				<param name="Grouplist1Label" value="$LOCALIZE[33054]" />
				<param name="Grouplist1InfoWidth" value="190" />
				<param name="Grouplist1Info" value="$VAR[SeasonsPropertyVar]" />
				<param name="Grouplist2LabelWidth" value="110" />
				<param name="Grouplist2Label" value="$LOCALIZE[20360]" />
				<param name="Grouplist2InfoWidth" value="110" />
				<param name="Grouplist2Info" value="$INFO[ListItem.Episode]" />
				<param name="Grouplist3LabelWidth" value="110" />
				<param name="Grouplist3Label" value="$LOCALIZE[345]" />
				<param name="Grouplist3InfoWidth" value="110" />
				<param name="Grouplist3Info" value="$INFO[ListItem.Year]" />
				<param name="Grouplist4LabelWidth" value="110" />
				<param name="Grouplist4Label" value="$LOCALIZE[563]" />
				<param name="Grouplist4InfoWidth" value="110" />
				<param name="Grouplist4Info" value="$VAR[RatingType]" />
			</include>
			
			<control type="group">
				<description>Media Info Area</description>
				<left>38</left>
				<top>354</top>
				
				<include content="ListInfo3GrouplistContent">
					<param name="visible" value="System.AddonIsEnabled(plugin.video.themoviedb.helper) + !Skin.HasSetting(EnableNextAiredInfo)" />
					<param name="top" value="62" />
					<param name="label_width" value="140" />
					<param name="label" value="$LOCALIZE[31966]:" />
					<param name="info_width" value="250" />
					<param name="info" value="$VAR[TheMovieDBHelperLastVar]$INFO[Container(5055).ListItem.Property(Last_Aired.Name),. ,]$INFO[Container(5055).ListItem.Property(Last_Aired), (,)]" />
				</include>
				
				<include content="ListInfo3GrouplistContent">
					<param name="visible" value="System.AddonIsEnabled(plugin.video.themoviedb.helper) + !Skin.HasSetting(EnableNextAiredInfo)" />
					<param name="top" value="84" />
					<param name="label_width" value="140" />
					<param name="label" value="$VAR[ListInfo3NextAiredLabel]" />
					<param name="info_width" value="265" />
					<param name="info" value="$VAR[ListInfo3NextAiredInfo]" />
				</include>
			</control>
			
			<include content="ThumbsInfoPlot" condition="!System.HasAddon(plugin.video.themoviedb.helper) | [System.AddonIsEnabled(plugin.video.themoviedb.helper) + Skin.HasSetting(EnableNextAiredInfo)]">
				<param name="fallback" value="31203" />
				<param name="label" value="$INFO[ListItem.Plot]" />
			</include>
			
			<include content="ListInfo3Plot">
				<param name="top" value="479" />
				<param name="height" value="138" />
				<param name="label" value="$INFO[ListItem.Plot]" />
				<param name="visible" value="!Container.OnNext + !Container.OnPrevious + System.AddonIsEnabled(plugin.video.themoviedb.helper) + !Skin.HasSetting(EnableNextAiredInfo)" />
			</include>
		</control>
	</include>
	
	<include name="MusicThumbsInfo">
		<control type="group">
			<visible>!String.IsEmpty(ListItem.Album)</visible>
			<include>ListInfo3PanelFanart</include>

			<include content="ThumbsInfoMediaInfoArea">
				<param name="visible" value="true" />
				<param name="Grouplist1LabelWidth" value="110" />
				<param name="Grouplist1Label" value="$LOCALIZE[557]" />
				<param name="Grouplist1InfoWidth" value="190" />
				<param name="Grouplist1Info" value="$INFO[ListItem.Artist]" />
				<param name="Grouplist2LabelWidth" value="110" />
				<param name="Grouplist2Label" value="$VAR[MusicDurationLabelVar]" />
				<param name="Grouplist2InfoWidth" value="190" />
				<param name="Grouplist2Info" value="$VAR[MusicDurationLabelValueVar]" />
				<param name="Grouplist3LabelWidth" value="110" />
				<param name="Grouplist3Label" value="$LOCALIZE[345]" />
				<param name="Grouplist3InfoWidth" value="110" />
				<param name="Grouplist3Info" value="$VAR[MusicYearVar]" />
				<param name="Grouplist4LabelWidth" value="110" />
				<param name="Grouplist4Label" value="$LOCALIZE[563]" />
				<param name="Grouplist4InfoWidth" value="110" />
				<param name="Grouplist4Info" value="$VAR[RatingType]" />
			</include>
			
			<include content="ThumbsInfoPlot">
				<param name="fallback" value="31204" />
				<param name="label" value="$INFO[ListItem.Property(Album_Description)]" />
			</include>
		</control>
	</include>
	
	<include name="ProgramsThumbsInfo">
		<control type="group">
			<visible>!String.IsEmpty(ListItem.Title) + String.Contains(Container.FolderPath,plugin://plugin.program)</visible>
			<include>ListInfo3PanelFanart</include>
			
			<include content="ThumbsInfoMediaInfoArea">
				<param name="visible" value="true" />
				<param name="Grouplist1LabelWidth" value="110" />
				<param name="Grouplist1Label" value="$LOCALIZE[32072]" />
				<param name="Grouplist1InfoWidth" value="190" />
				<param name="Grouplist1Info" value="$INFO[ListItem.Studio]" />
				<param name="Grouplist2LabelWidth" value="110" />
				<param name="Grouplist2Label" value="$LOCALIZE[32071]" />
				<param name="Grouplist2InfoWidth" value="140" />
				<param name="Grouplist2Info" value="$INFO[ListItem.Writer]" />
				<param name="Grouplist3LabelWidth" value="110" />
				<param name="Grouplist3Label" value="$LOCALIZE[345]" />
				<param name="Grouplist3InfoWidth" value="110" />
				<param name="Grouplist3Info" value="$INFO[ListItem.Premiered]" />
				<param name="Grouplist4LabelWidth" value="110" />
				<param name="Grouplist4Label" value="$LOCALIZE[563]" />
				<param name="Grouplist4InfoWidth" value="110" />
				<param name="Grouplist4Info" value="$INFO[ListItem.Rating]" />
			</include>
			
			<include content="ThumbsInfoPlot">
				<param name="fallback" value="31203" />
				<param name="label" value="$INFO[ListItem.Plot]" />
			</include>
		</control>
	</include>
	
	<include name="PicturesThumbsInfo">
		<control type="group">
			<visible>!ListItem.IsParentFolder</visible>
			<include>MediaViewOpenCloseAnim</include>
			<include>PicsInfo</include>
		</control>
	</include>
	<!-- END INCLUDES -->
</includes>