<?xml version="1.0" encoding="UTF-8"?>
<includes>
    <include name="Square_View_52">
        <param name="layout">SquareLayout</param> <!-- Layout geändert -->
        <definition>
            <control type="group">
                <include>Visible_OpenClose</include>
                <visible>Control.IsVisible(52)</visible>
                <animation effect="slide" condition="Skin.HasSetting(HidePosterLabels) + Window.IsVisible(myvideonav.xml) + !$EXP[ForceLabels] + ![[Integer.IsGreaterOrEqual(Container(52).CurrentItem,14) + Container.HasParent] | Integer.IsGreaterOrEqual(Container(52).CurrentItem,15) | Container(52).HasPrevious]" time="200" end="0,-53">Conditional</animation>
                <control id="52" type="panel">
                    <visible>$EXP[SquareViewVisible]</visible>
                    <include>FocusBounce</include>
                    <width>auto</width>
                    <height>1440</height> <!-- Höhe geändert -->
                    <onright condition="Control.IsVisible(7000)">SetFocus(7000)</onright>
                    <onright condition="!Control.IsVisible(7000) + Control.IsVisible(17)">17</onright>
                    <onright>noop</onright>
                    <ondown>noop</ondown>
                    <onup>SetFocus(6666)</onup>
                    <onleft>900</onleft>
                    <include>ScrollTime</include>
                    <orientation>vertical</orientation>
                    <preloaditems>4</preloaditems>
                    <defaultcontrol always="true">0</defaultcontrol>
                    <viewtype label="$LOCALIZE[31005]">panel</viewtype>
                    <pagecontrol>17</pagecontrol>
                    <oninfo condition="String.IsEqual(ListItem.DBType,musicvideo) + !String.IsEmpty(ListItem.Plot)">RunScript(script.embuary.helper,action=textviewer,header='$ESCINFO[ListItem.Title]',message='$ESCVAR[ListViewPlot]')</oninfo>

                    <!-- Anpassung der ItemLayouts -->
                    <itemlayout condition="!Skin.HasSetting(HidePosterLabels) | !Window.IsVisible(myvideonav.xml) | $EXP[ForceLabels]" width="257" height="445">
                        <control type="group">
                            <left>70.5</left> <!-- Position geändert -->
                            <top>122</top>   <!-- Position geändert -->
                            <include content="$PARAM[layout]">
                                <param name="mainlabel" value="$PARAM[mainlabel]" />
                                <param name="sublabel" value="$PARAM[sublabel]" />
                                <param name="thumblabel" value="$PARAM[thumblabel]" />
                                <!-- Weitere Parameter hier hinzufügen -->
                                <param name="focused" value="false" />
                                <param name="id" value="52" />
                            </include>
                        </control>
                    </itemlayout>

                    <!-- Focused Layouts anpassen -->
                    <focusedlayout condition="!Skin.HasSetting(HidePosterLabels) | !Window.IsVisible(myvideonav.xml) | $EXP[ForceLabels]" width="257" height="445">
                        <include content="SetPropertyOnFocus">
                            <param name="id" value="52"/>
                        </include>
                        <control type="group">
                            <left>70.5</left> <!-- Position geändert -->
                            <top>122</top>   <!-- Position geändert -->
                            <include content="$PARAM[layout]">
                                <!-- Weitere Parameter hier hinzufügen -->
                                <param name="mainlabel" value="$PARAM[mainlabel]" />
                                <param name="sublabel" value="$PARAM[sublabel]" />
                                <param name="thumblabel" value="$PARAM[thumblabel]" />
                                <!-- Weitere Parameter hier hinzufügen -->
                                <param name="focused" value="true" />
                                <param name="id" value="52" />
                                <!-- Optional: visible_forced hinzufügen -->
                            </include>
                        </control>
                    </focusedlayout>

                </control>
            </control>
        </definition>
    </include>
</includes>