<?xml version="1.0" encoding="UTF-8"?>
<includes>
	<variable name="VideoInfoPanelVar">
		<value condition="Control.IsVisible(53) + Container.Content(movies)">$INFO[Skin.String(53.Movies.InfoPanel)]</value>
		<value condition="Control.IsVisible(53) + Container.Content(tvshows)">$INFO[Skin.String(53.TVShows.InfoPanel)]</value>
		<value condition="Control.IsVisible(53) + Container.Content(seasons)">$INFO[Skin.String(53.Seasons.InfoPanel)]</value>
		<value condition="Control.IsVisible(53) + Container.Content(sets)">$INFO[Skin.String(53.Sets.InfoPanel)]</value>
		<value condition="Control.IsVisible(52) + Container.Content(movies)">$INFO[Skin.String(52.Movies.InfoPanel)]</value>
		<value condition="Control.IsVisible(52) + Container.Content(tvshows)">$INFO[Skin.String(52.TVShows.InfoPanel)]</value>
		<value condition="Control.IsVisible(52) + Container.Content(seasons)">$INFO[Skin.String(52.Seasons.InfoPanel)]</value>
		<value condition="Control.IsVisible(52) + Container.Content(episodes)">$INFO[Skin.String(52.Episodes.InfoPanel)]</value>
		<value condition="Control.IsVisible(52) + Container.Content(sets)">$INFO[Skin.String(52.Sets.InfoPanel)]</value>
		<value condition="Control.IsVisible(57) + Container.Content(movies)">$INFO[Skin.String(57.Movies.InfoPanel)]</value>
		<value condition="Control.IsVisible(57) + Container.Content(tvshows)">$INFO[Skin.String(57.TVShows.InfoPanel)]</value>
		<value condition="Control.IsVisible(57) + Container.Content(seasons)">$INFO[Skin.String(57.Seasons.InfoPanel)]</value>
		<value condition="Control.IsVisible(57) + Container.Content(sets)">$INFO[Skin.String(57.Sets.InfoPanel)]</value>
		<value condition="Control.IsVisible(58) + Container.Content(movies)">$INFO[Skin.String(58.Movies.InfoPanel)]</value>
		<value condition="Control.IsVisible(58) + Container.Content(tvshows)">$INFO[Skin.String(58.TVShows.InfoPanel)]</value>
		<value condition="Control.IsVisible(59) + Container.Content(movies)">$INFO[Skin.String(59.Movies.InfoPanel)]</value>
		<value condition="Control.IsVisible(59) + Container.Content(sets)">$INFO[Skin.String(59.Sets.InfoPanel)]</value>
		<value condition="Control.IsVisible(59) + Container.Content(tvshows)">$INFO[Skin.String(59.TVShows.InfoPanel)]</value>
	</variable>
	<variable name="MusicInfoPanelVar">
		<value condition="Control.IsVisible(54) + Container.Content(albums)">$INFO[Skin.String(54.Albums.InfoPanel)]</value>
		<value condition="Control.IsVisible(54) + Container.Content(artists)">$INFO[Skin.String(54.Artists.InfoPanel)]</value>
		<value condition="Control.IsVisible(52) + Container.Content(artists)">$INFO[Skin.String(52.Artists.InfoPanel)]</value>
	</variable>
	<variable name="52VideoInfoPanelVar">
		<value condition="Container.Content(movies) + String.IsEmpty(Skin.String(52.Movies.InfoPanel))">Skin.SetString(52.Movies.InfoPanel,1)</value>
		<value condition="Container.Content(movies) + String.IsEqual(Skin.String(52.Movies.InfoPanel),1)">Skin.SetString(52.Movies.InfoPanel,2)</value>
		<value condition="Container.Content(movies) + String.IsEqual(Skin.String(52.Movies.InfoPanel),2)">Skin.SetString(52.Movies.InfoPanel,5)</value>
		<value condition="Container.Content(movies) + String.IsEqual(Skin.String(52.Movies.InfoPanel),5)">Skin.SetString(52.Movies.InfoPanel,6)</value>
		<value condition="Container.Content(movies) + String.IsEqual(Skin.String(52.Movies.InfoPanel),6)">Skin.Reset(52.Movies.InfoPanel)</value>
		<value condition="Container.Content(tvshows) + String.IsEmpty(Skin.String(52.TVShows.InfoPanel))">Skin.SetString(52.TVShows.InfoPanel,1)</value>
		<value condition="Container.Content(tvshows) + String.IsEqual(Skin.String(52.TVShows.InfoPanel),1)">Skin.SetString(52.TVShows.InfoPanel,2)</value>
		<value condition="Container.Content(tvshows) + String.IsEqual(Skin.String(52.TVShows.InfoPanel),2)">Skin.SetString(52.TVShows.InfoPanel,5)</value>
		<value condition="Container.Content(tvshows) + String.IsEqual(Skin.String(52.TVShows.InfoPanel),5)">Skin.SetString(52.TVShows.InfoPanel,6)</value>
		<value condition="Container.Content(tvshows) + String.IsEqual(Skin.String(52.TVShows.InfoPanel),6)">Skin.Reset(52.TVShows.InfoPanel)</value>
		<value condition="Container.Content(seasons) + String.IsEmpty(Skin.String(52.Seasons.InfoPanel))">Skin.SetString(52.Seasons.InfoPanel,1)</value>
		<value condition="Container.Content(seasons) + String.IsEqual(Skin.String(52.Seasons.InfoPanel),1)">Skin.SetString(52.Seasons.InfoPanel,2)</value>
		<value condition="Container.Content(seasons) + String.IsEqual(Skin.String(52.Seasons.InfoPanel),2)">Skin.SetString(52.Seasons.InfoPanel,5)</value>
		<value condition="Container.Content(seasons) + String.IsEqual(Skin.String(52.Seasons.InfoPanel),5)">Skin.SetString(52.Seasons.InfoPanel,6)</value>
		<value condition="Container.Content(seasons) + String.IsEqual(Skin.String(52.Seasons.InfoPanel),6)">Skin.Reset(52.Seasons.InfoPanel)</value>
		<value condition="Container.Content(episodes) + String.IsEmpty(Skin.String(52.Episodes.InfoPanel))">Skin.SetString(52.Episodes.InfoPanel,1)</value>
		<value condition="Container.Content(episodes) + String.IsEqual(Skin.String(52.Episodes.InfoPanel),1)">Skin.SetString(52.Episodes.InfoPanel,2)</value>
		<value condition="Container.Content(episodes) + String.IsEqual(Skin.String(52.Episodes.InfoPanel),2)">Skin.SetString(52.Episodes.InfoPanel,5)</value>
		<value condition="Container.Content(episodes) + String.IsEqual(Skin.String(52.Episodes.InfoPanel),5)">Skin.SetString(52.Episodes.InfoPanel,6)</value>
		<value condition="Container.Content(episodes) + String.IsEqual(Skin.String(52.Episodes.InfoPanel),6)">Skin.Reset(52.Episodes.InfoPanel)</value>
		<value condition="Container.Content(sets) + String.IsEmpty(Skin.String(52.Sets.InfoPanel))">Skin.SetString(52.Sets.InfoPanel,1)</value>
		<value condition="Container.Content(sets) + String.IsEqual(Skin.String(52.Sets.InfoPanel),1)">Skin.SetString(52.Sets.InfoPanel,2)</value>
		<value condition="Container.Content(sets) + String.IsEqual(Skin.String(52.Sets.InfoPanel),2)">Skin.SetString(52.Sets.InfoPanel,5)</value>
		<value condition="Container.Content(sets) + String.IsEqual(Skin.String(52.Sets.InfoPanel),5)">Skin.SetString(52.Sets.InfoPanel,6)</value>
		<value condition="Container.Content(sets) + String.IsEqual(Skin.String(52.Sets.InfoPanel),6)">Skin.Reset(52.Sets.InfoPanel)</value>
	</variable>
	<variable name="53VideoInfoPanelVar">
		<value condition="Container.Content(movies) + String.IsEmpty(Skin.String(53.Movies.InfoPanel))">Skin.SetString(53.Movies.InfoPanel,1)</value>
		<value condition="Container.Content(movies) + String.IsEqual(Skin.String(53.Movies.InfoPanel),1)">Skin.SetString(53.Movies.InfoPanel,2)</value>
		<value condition="Container.Content(movies) + String.IsEqual(Skin.String(53.Movies.InfoPanel),2)">Skin.SetString(53.Movies.InfoPanel,5)</value>
		<value condition="Container.Content(movies) + String.IsEqual(Skin.String(53.Movies.InfoPanel),5)">Skin.SetString(53.Movies.InfoPanel,6)</value>
		<value condition="Container.Content(movies) + String.IsEqual(Skin.String(53.Movies.InfoPanel),6)">Skin.Reset(53.Movies.InfoPanel)</value>
		<value condition="Container.Content(tvshows) + String.IsEmpty(Skin.String(53.TVShows.InfoPanel))">Skin.SetString(53.TVShows.InfoPanel,1)</value>
		<value condition="Container.Content(tvshows) + String.IsEqual(Skin.String(53.TVShows.InfoPanel),1)">Skin.SetString(53.TVShows.InfoPanel,2)</value>
		<value condition="Container.Content(tvshows) + String.IsEqual(Skin.String(53.TVShows.InfoPanel),2)">Skin.SetString(53.TVShows.InfoPanel,5)</value>
		<value condition="Container.Content(tvshows) + String.IsEqual(Skin.String(53.TVShows.InfoPanel),5)">Skin.SetString(53.TVShows.InfoPanel,6)</value>
		<value condition="Container.Content(tvshows) + String.IsEqual(Skin.String(53.TVShows.InfoPanel),6)">Skin.Reset(53.TVShows.InfoPanel)</value>
		<value condition="Container.Content(seasons) + String.IsEmpty(Skin.String(53.Seasons.InfoPanel))">Skin.SetString(53.Seasons.InfoPanel,1)</value>
		<value condition="Container.Content(seasons) + String.IsEqual(Skin.String(53.Seasons.InfoPanel),1)">Skin.SetString(53.Seasons.InfoPanel,2)</value>
		<value condition="Container.Content(seasons) + String.IsEqual(Skin.String(53.Seasons.InfoPanel),2)">Skin.SetString(53.Seasons.InfoPanel,5)</value>
		<value condition="Container.Content(seasons) + String.IsEqual(Skin.String(53.Seasons.InfoPanel),5)">Skin.SetString(53.Seasons.InfoPanel,6)</value>
		<value condition="Container.Content(seasons) + String.IsEqual(Skin.String(53.Seasons.InfoPanel),6)">Skin.Reset(53.Seasons.InfoPanel)</value>
		<value condition="Container.Content(sets) + String.IsEmpty(Skin.String(53.Sets.InfoPanel))">Skin.SetString(53.Sets.InfoPanel,1)</value>
		<value condition="Container.Content(sets) + String.IsEqual(Skin.String(53.Sets.InfoPanel),1)">Skin.SetString(53.Sets.InfoPanel,2)</value>
		<value condition="Container.Content(sets) + String.IsEqual(Skin.String(53.Sets.InfoPanel),2)">Skin.SetString(53.Sets.InfoPanel,5)</value>
		<value condition="Container.Content(sets) + String.IsEqual(Skin.String(53.Sets.InfoPanel),5)">Skin.SetString(53.Sets.InfoPanel,6)</value>
		<value condition="Container.Content(sets) + String.IsEqual(Skin.String(53.Sets.InfoPanel),6)">Skin.Reset(53.Sets.InfoPanel)</value>
	</variable>
	<variable name="57VideoInfoPanelVar">
		<!-- <value condition="String.IsEqual(Skin.String(57.Movies.InfoPanel),3) | String.IsEqual(Skin.String(57.Movies.InfoPanel),4)">Skin.Reset(57.Movies.InfoPanel)</value> -->
		<value condition="Container.Content(movies) + String.IsEmpty(Skin.String(57.Movies.InfoPanel))">Skin.SetString(57.Movies.InfoPanel,3)</value>
		<value condition="Container.Content(movies) + String.IsEqual(Skin.String(57.Movies.InfoPanel),3)">Skin.SetString(57.Movies.InfoPanel,4)</value>
		<value condition="Container.Content(movies) + String.IsEqual(Skin.String(57.Movies.InfoPanel),4)">Skin.Reset(57.Movies.InfoPanel)</value>
		<value condition="Container.Content(tvshows) + String.IsEmpty(Skin.String(57.TVShows.InfoPanel))">Skin.SetString(57.TVShows.InfoPanel,3)</value>
		<value condition="Container.Content(tvshows) + String.IsEqual(Skin.String(57.TVShows.InfoPanel),3)">Skin.SetString(57.TVShows.InfoPanel,4)</value>
		<value condition="Container.Content(tvshows) + String.IsEqual(Skin.String(57.TVShows.InfoPanel),4)">Skin.Reset(57.TVShows.InfoPanel)</value>
		<value condition="Container.Content(seasons) + String.IsEmpty(Skin.String(57.Seasons.InfoPanel))">Skin.SetString(57.Seasons.InfoPanel,3)</value>
		<value condition="Container.Content(seasons) + String.IsEqual(Skin.String(57.Seasons.InfoPanel),3)">Skin.SetString(57.Seasons.InfoPanel,4)</value>
		<value condition="Container.Content(seasons) + String.IsEqual(Skin.String(57.Seasons.InfoPanel),4)">Skin.Reset(57.Seasons.InfoPanel)</value>
		<value condition="Container.Content(sets) + String.IsEmpty(Skin.String(57.Sets.InfoPanel))">Skin.SetString(57.Sets.InfoPanel,3)</value>
		<value condition="Container.Content(sets) + String.IsEqual(Skin.String(57.Sets.InfoPanel),3)">Skin.SetString(57.Sets.InfoPanel,4)</value>
		<value condition="Container.Content(sets) + String.IsEqual(Skin.String(57.Sets.InfoPanel),4)">Skin.Reset(57.Sets.InfoPanel)</value>
	</variable>
	<variable name="59VideoInfoPanelVar">
		<value condition="Control.IsVisible(59) + Container.Content(movies) + String.IsEmpty(Skin.String(59.Movies.InfoPanel))">Skin.SetString(59.Movies.InfoPanel,1)</value>
		<value condition="Control.IsVisible(59) + Container.Content(movies) + String.IsEqual(Skin.String(59.Movies.InfoPanel),1)">Skin.SetString(59.Movies.InfoPanel,2)</value>
		<value condition="Control.IsVisible(59) + Container.Content(movies) + String.IsEqual(Skin.String(59.Movies.InfoPanel),2)">Skin.SetString(59.Movies.InfoPanel,5)</value>
		<value condition="Control.IsVisible(59) + Container.Content(movies) + String.IsEqual(Skin.String(59.Movies.InfoPanel),5)">Skin.SetString(59.Movies.InfoPanel,6)</value>
		<value condition="Control.IsVisible(59) + Container.Content(movies) + String.IsEqual(Skin.String(59.Movies.InfoPanel),6)">Skin.Reset(59.Movies.InfoPanel)</value>
		<value condition="Control.IsVisible(59) + Container.Content(sets) + String.IsEmpty(Skin.String(59.Sets.InfoPanel))">Skin.SetString(59.Sets.InfoPanel,1)</value>
		<value condition="Control.IsVisible(59) + Container.Content(sets) + String.IsEqual(Skin.String(59.Sets.InfoPanel),1)">Skin.SetString(59.Sets.InfoPanel,2)</value>
		<value condition="Control.IsVisible(59) + Container.Content(sets) + String.IsEqual(Skin.String(59.Sets.InfoPanel),2)">Skin.SetString(59.Sets.InfoPanel,5)</value>
		<value condition="Control.IsVisible(59) + Container.Content(sets) + String.IsEqual(Skin.String(59.Sets.InfoPanel),5)">Skin.SetString(59.Sets.InfoPanel,6)</value>
		<value condition="Control.IsVisible(59) + Container.Content(sets) + String.IsEqual(Skin.String(59.Sets.InfoPanel),6)">Skin.Reset(59.Sets.InfoPanel)</value>
		<value condition="Control.IsVisible(59) + Container.Content(tvshows) + String.IsEmpty(Skin.String(59.TVShows.InfoPanel))">Skin.SetString(59.TVShows.InfoPanel,1)</value>
		<value condition="Control.IsVisible(59) + Container.Content(tvshows) + String.IsEqual(Skin.String(59.TVShows.InfoPanel),1)">Skin.SetString(59.TVShows.InfoPanel,2)</value>
		<value condition="Control.IsVisible(59) + Container.Content(tvshows) + String.IsEqual(Skin.String(59.TVShows.InfoPanel),2)">Skin.SetString(59.TVShows.InfoPanel,5)</value>
		<value condition="Control.IsVisible(59) + Container.Content(tvshows) + String.IsEqual(Skin.String(59.TVShows.InfoPanel),5)">Skin.SetString(59.TVShows.InfoPanel,6)</value>
		<value condition="Control.IsVisible(59) + Container.Content(tvshows) + String.IsEqual(Skin.String(59.TVShows.InfoPanel),6)">Skin.Reset(59.TVShows.InfoPanel)</value>
	</variable>
	<variable name="58VideoInfoPanelVar">
		<value condition="Container.Content(movies) + String.IsEmpty(Skin.String(58.Movies.InfoPanel))">Skin.SetString(58.Movies.InfoPanel,1)</value>
		<value condition="Container.Content(movies) + String.IsEqual(Skin.String(58.Movies.InfoPanel),1)">Skin.SetString(58.Movies.InfoPanel,2)</value>
		<value condition="Container.Content(movies) + String.IsEqual(Skin.String(58.Movies.InfoPanel),2)">Skin.SetString(58.Movies.InfoPanel,5)</value>
		<value condition="Container.Content(movies) + String.IsEqual(Skin.String(58.Movies.InfoPanel),5)">Skin.SetString(58.Movies.InfoPanel,6)</value>
		<value condition="Container.Content(movies) + String.IsEqual(Skin.String(58.Movies.InfoPanel),6)">Skin.Reset(58.Movies.InfoPanel)</value>
		<value condition="Container.Content(tvshows) + String.IsEmpty(Skin.String(58.TVShows.InfoPanel))">Skin.SetString(58.TVShows.InfoPanel,1)</value>
		<value condition="Container.Content(tvshows) + String.IsEqual(Skin.String(58.TVShows.InfoPanel),1)">Skin.SetString(58.TVShows.InfoPanel,2)</value>
		<value condition="Container.Content(tvshows) + String.IsEqual(Skin.String(58.TVShows.InfoPanel),2)">Skin.SetString(58.TVShows.InfoPanel,5)</value>
		<value condition="Container.Content(tvshows) + String.IsEqual(Skin.String(58.TVShows.InfoPanel),5)">Skin.SetString(58.TVShows.InfoPanel,6)</value>
		<value condition="Container.Content(tvshows) + String.IsEqual(Skin.String(58.TVShows.InfoPanel),6)">Skin.Reset(58.TVShows.InfoPanel)</value>
	</variable>
	<variable name="52MusicInfoPanelVar">
		<value condition="Container.Content(artists) + String.IsEmpty(Skin.String(52.Artists.InfoPanel))">Skin.SetString(52.Artists.InfoPanel,2)</value>
		<value condition="Container.Content(artists) + String.IsEqual(Skin.String(52.Artists.InfoPanel),2)">Skin.Reset(52.Artists.InfoPanel)</value>
	</variable>
	<variable name="54MusicInfoPanelVar">
		<value condition="Container.Content(albums) + String.IsEmpty(Skin.String(54.Albums.InfoPanel))">Skin.SetString(54.Albums.InfoPanel,1)</value>
		<value condition="Container.Content(albums) + String.IsEqual(Skin.String(54.Albums.InfoPanel),1)">Skin.Reset(54.Albums.InfoPanel)</value>
		<value condition="Container.Content(artists) + String.IsEmpty(Skin.String(54.Artists.InfoPanel))">Skin.SetString(54.Artists.InfoPanel,1)</value>
		<value condition="Container.Content(artists) + String.IsEqual(Skin.String(54.Artists.InfoPanel),1)">Skin.Reset(54.Artists.InfoPanel)</value>
	</variable>
	<variable name="InfoPanelLabelVar">
		<value condition="String.IsEqual(Control.GetLabel(4420),1)">$LOCALIZE[20445]</value>
		<value condition="String.IsEqual(Control.GetLabel(4420),2)">$LOCALIZE[31086]</value>
		<value condition="String.IsEqual(Control.GetLabel(4420),3)">$LOCALIZE[20445]</value>
		<value condition="String.IsEqual(Control.GetLabel(4420),4)">$LOCALIZE[31086]</value>
		<value condition="String.IsEqual(Control.GetLabel(4420),5)">$LOCALIZE[31434]</value>
		<value condition="String.IsEqual(Control.GetLabel(4420),6)">$LOCALIZE[31435]</value>
		<value condition="Control.IsVisible(503) + Skin.HasSetting(503.InfoPanel)">$LOCALIZE[16041]</value>
		<value>$LOCALIZE[351]</value>
	</variable>
	<variable name="InfoPanelDelayOnclickVar">
		<value condition="String.IsEmpty(Skin.String(InfoPanel.Delay))">Skin.SetString(InfoPanel.Delay,1)</value>
		<value condition="String.IsEqual(Skin.String(InfoPanel.Delay),1)">Skin.SetString(InfoPanel.Delay,2)</value>
		<value condition="String.IsEqual(Skin.String(InfoPanel.Delay),2)">Skin.SetString(InfoPanel.Delay,3)</value>
		<value condition="String.IsEqual(Skin.String(InfoPanel.Delay),3)">Skin.SetString(InfoPanel.Delay,4)</value>
		<value condition="String.IsEqual(Skin.String(InfoPanel.Delay),4)">Skin.SetString(InfoPanel.Delay,5)</value>
		<value condition="String.IsEqual(Skin.String(InfoPanel.Delay),5)">Skin.Reset(InfoPanel.Delay)</value>
	</variable>
	<variable name="503.InfoPanelTextboxVar">
		<value condition="ListItem.IsCollection">$INFO[Container(4500).ListItemNoWrap(0).Label,[B],[/B]]$INFO[Container(4500).ListItemNoWrap(1).Label,[CR][B],[/B]]$INFO[Container(4500).ListItemNoWrap(2).Label,[CR][B],[/B]]$INFO[Container(4500).ListItemNoWrap(3).Label,[CR][B],[/B]]$INFO[Container(4500).ListItemNoWrap(4).Label,[CR][B],[/B]]$INFO[Container(4500).ListItemNoWrap(5).Label,[CR][B],[/B]]$INFO[Container(4500).ListItemNoWrap(6).Label,[CR][B],[/B]]$INFO[Container(4500).ListItemNoWrap(7).Label,[CR][B],[/B]]$INFO[Container(4500).ListItemNoWrap(8).Label,[CR][B],[/B]]$INFO[Container(4500).ListItemNoWrap(9).Label,[CR][B],[/B]]$INFO[Container(4500).ListItemNoWrap(10).Label,[CR][B],[/B]]$INFO[Container(4500).ListItemNoWrap(11).Label,[CR][B],[/B]]$INFO[Container(4500).ListItemNoWrap(12).Label,[CR][B],[/B]]$INFO[Container(4500).ListItemNoWrap(13).Label,[CR][B],[/B]]$INFO[Container(4500).ListItemNoWrap(14).Label,[CR][B],[/B]]$INFO[Container(4500).ListItemNoWrap(15).Label,[CR][B],[/B]]$INFO[Container(4500).ListItemNoWrap(16).Label,[CR][B],[/B]]$INFO[Container(4500).ListItemNoWrap(17).Label,[CR][B],[/B]]$INFO[Container(4500).ListItemNoWrap(18).Label,[CR][B],[/B]]$INFO[Container(4500).ListItemNoWrap(19).Label,[CR][B],[/B]]$INFO[Container(4500).ListItemNoWrap(20).Label,[CR][B],[/B]]$INFO[Container(4500).ListItemNoWrap(21).Label,[CR][B],[/B]]$INFO[Container(4500).ListItemNoWrap(22).Label,[CR][B],[/B]]$INFO[Container(4500).ListItemNoWrap(23).Label,[CR][B],[/B]]$INFO[Container(4500).ListItemNoWrap(24).Label,[CR][B],[/B]]$INFO[Container(4500).ListItemNoWrap(25).Label,[CR][B],[/B]]$INFO[Container(4500).ListItemNoWrap(26).Label,[CR][B],[/B]]$INFO[Container(4500).ListItemNoWrap(27).Label,[CR][B],[/B]]$INFO[Container(4500).ListItemNoWrap(28).Label,[CR][B],[/B]]$INFO[Container(4500).ListItemNoWrap(29).Label,[CR][B],[/B]]</value>
		<value condition="!String.IsEmpty(ListItem.PlotOutline)">$INFO[ListItem.PlotOutline]</value>
		<value>$INFO[ListItem.Plot]</value>
	</variable>
	<variable name="503.InfoPanelLabel2Var">
		<value condition="ListItem.IsCollection">$INFO[Container(4500).ListItem(0).Year]$INFO[Container(4500).ListItem(-1).Year, - ]</value>
		<value condition="Container.Content(movies)">$INFO[ListItem.Director,$LOCALIZE[31000] ]</value>
		<value condition="Container.Content(tvshows)">$INFO[ListItem.Studio]</value>
	</variable>
	<variable name="InfoPanelDelayLocalizeVar">
		<value condition="!String.IsEmpty(Skin.String(InfoPanel.Delay))">$INFO[Skin.String(InfoPanel.Delay),, $LOCALIZE[31090]]</value>
		<value>$LOCALIZE[351]</value>
	</variable>
	<variable name="InfoPanelLabel1IconVar">
		<value condition="[Container.Content(movies) | Container.Content(episodes) | Container.Content(sets)]"></value>
		<value condition="[Container.Content(tvshows) | Container.Content(seasons)] + !String.IsEmpty(Container(9143).ListItem.Property(Status))"></value>
		<value condition="[Container.Content(tvshows) | Container.Content(seasons)]"></value>
	</variable>
	<variable name="InfoPanelLabel1Var">
		<value condition="[Container.Content(movies) | Container.Content(episodes) | Container.Content(sets)] + ![String.IsEmpty(ListItem.Director) + String.IsEmpty(Container(4501).ListItem.Property(director.collection))]">$VAR[VideoDirectorVar]</value>
		<value condition="[Container.Content(movies) | Container.Content(episodes) | Container.Content(sets)]">$LOCALIZE[10005]</value>
		<value condition="[Container.Content(tvshows) | Container.Content(seasons)] + !String.IsEmpty(Container(9143).ListItem.Property(Status))">$INFO[Container(9143).ListItem.Property(Status)]</value>
		<value condition="[Container.Content(tvshows) | Container.Content(seasons)]">$INFO[ListItem.Premiered]</value>
	</variable>
	<variable name="InfoPanelLabel2IconVar">
		<value condition="[Container.Content(movies) | Container.Content(episodes) | Container.Content(sets)]"></value>
		<value condition="[Container.Content(tvshows) | Container.Content(seasons)] + !String.IsEmpty(Container(9143).ListItem.Property(Next_Aired))"></value>
		<value condition="[Container.Content(tvshows) | Container.Content(seasons)] + !String.IsEmpty(Container(9143).ListItem.Property(Last_Aired))"></value>
		<value condition="[Container.Content(tvshows) | Container.Content(seasons)]"></value>
	</variable>
	<variable name="InfoPanelLabel2Var">
		<value condition="[Container.Content(movies) | Container.Content(episodes) | Container.Content(sets)] + ![String.IsEmpty(ListItem.Writer) + String.IsEmpty(Container(4501).ListItem.Property(writer.collection))]">$VAR[VideoWriterVar]</value>
		<value condition="[Container.Content(movies) | Container.Content(episodes) | Container.Content(sets)]">$LOCALIZE[10005]</value>
		<value condition="[Container.Content(tvshows) | Container.Content(seasons)] + !String.IsEmpty(Container(9143).ListItem.Property(Next_Aired))">$INFO[Container(9143).ListItem.Property(Next_Aired),,: ]$INFO[Container(9143).ListItem.Property(Next_Aired.Name)]</value>
		<value condition="[Container.Content(tvshows) | Container.Content(seasons)] + !String.IsEmpty(Container(9143).ListItem.Property(Last_Aired))">$INFO[Container(9143).ListItem.Property(Last_Aired.Season),S]$INFO[Container(9143).ListItem.Property(Last_Aired.Episode),E,  -]$INFO[Container(9143).ListItem.Property(Last_Aired.Name)]</value>
		<value condition="[Container.Content(tvshows) | Container.Content(seasons)]">$INFO[ListItem.Studio]</value>
	</variable>
	<variable name="InfoPanelLabel3IconVar">
		<value condition="[Container.Content(movies) | Container.Content(episodes) | Container.Content(sets)]"></value>
		<value condition="Container.Content(tvshows)"></value>
		<value condition="Container.Content(seasons)"></value>
	</variable>
	<variable name="InfoPanelLabel3Var">
		<value condition="!String.IsEmpty(ListItem.Top250)">$INFO[ListItem.Rating]$INFO[ListItem.Top250, / $LOCALIZE[13409] #]</value>
		<value condition="[Container.Content(movies) | Container.Content(episodes) | Container.Content(sets)]">$INFO[ListItem.RatingAndVotes]</value>
		<value condition="Container.Content(tvshows)">$INFO[ListItem.Property(TotalSeasons)]$VAR[OneOrMoreSeasonsVar, ]</value>
		<value condition="Container.Content(tvshows) | Container.Content(seasons)">$INFO[ListItem.Property(TotalEpisodes)]$INFO[ListItem.Property(UnWatchedEpisodes), (,[LOWERCASE] $LOCALIZE[16101][/LOWERCASE])]</value>
	</variable>
	<variable name="InfoPanelLabel4IconVar">
		<value condition="[Container.Content(movies) | Container.Content(episodes) | Container.Content(sets) | Container.Content(seasons)]"></value>
		<value condition="Container.Content(tvshows)"></value>
	</variable>
	<variable name="InfoPanelLabel4Var">
		<value condition="ListItem.IsCollection">$INFO[Container(4500).ListItem(0).Year]$INFO[Container(4500).ListItem(-1).Year, - ]</value>
		<value condition="[Container.Content(movies) | Container.Content(sets)]">$INFO[ListItem.Year]$VAR[DurationVar, • ]</value>
		<value condition="Container.Content(episodes)">$INFO[ListItem.Premiered]$VAR[DurationVar, • ]</value>
		<value condition="Container.Content(tvshows)">$INFO[ListItem.Property(TotalEpisodes)]$INFO[ListItem.Property(UnWatchedEpisodes), (,[LOWERCASE] $LOCALIZE[16101][/LOWERCASE])]</value>
		<value condition="Container.Content(seasons)">$INFO[ListItem.Year]</value>
	</variable>
	<variable name="InfoPanelTaglineLabelVar">
		<value condition="String.IsEqual(ListItem.DBTYPE,set)">$INFO[Container(4500).ListItem.Tagline]</value>
		<value>$INFO[ListItem.Tagline]</value>
	</variable>
</includes>