<?xml version="1.0" encoding="UTF-8"?>
<includes>
	<!-- Video InfoWall -->
	<include name="VideoInfoWall">
		<control type="group">
			<visible>Control.IsVisible(51) + !Window.IsActive(addoninformation)</visible>
			<include>ViewAnimation</include>
			<top>-65</top>
			<include content="BackPanel">
				<param name="left">104</param>
				<param name="top">175</param>
				<param name="width">1702</param>
				<param name="height">908</param>
				<param name="visible">!Skin.HasSetting(Enable.AlternateInfowall)</param>
			</include>
			<control type="group">
				<left>1120</left>
				<top>179</top>
				<control type="image">
					<width>680</width>
					<height>400</height>
					<aspectratio>scale</aspectratio>
					<fadetime>300</fadetime>
					<texture border="2" background="true">$VAR[GlobalBackgroundVar]</texture>
					<bordersize>2</bordersize>
					<bordertexture border="2" infill="false">colors/black.png</bordertexture>
				</control>
				<control type="label">
					<top>401</top>
					<width>628</width>
					<height>60</height>
					<font>font16_title_bold</font>
					<shadowcolor>shadow</shadowcolor>
					<scroll>true</scroll>
					<label>$VAR[FloorLabelVar]</label>
					<textoffsetx>15</textoffsetx>
				</control>
				<control type="image">
					<left>612</left>
					<top>416</top>
					<width>68</width>
					<height>30</height>
					<aspectratio>keep</aspectratio>
					<texture colordiffuse="white">$VAR[UnFocusHDIndicator]</texture>
				</control>
				<control type="button">
					<top>461</top>
					<width>679</width>
					<label>$INFO[ListItem.Genre,[COLOR grey],[/COLOR][CR]]$VAR[VideoSubLabelVar]</label>
					<textcolor>$VAR[UnWatchedEpColor]</textcolor>
					<include>DefaultButtonsValues</include>
					<shadowcolor>shadow</shadowcolor>
					<visible>!ListItem.IsCollection</visible>
				</control>
				<control type="button">
					<top>461</top>
					<width>679</width>
					<label>$VAR[VideoGenreVar][CR]$INFO[Container(4500).NumItems,, $LOCALIZE[342]]</label>
					<include>DefaultButtonsValues</include>
					<shadowcolor>shadow</shadowcolor>
					<visible>ListItem.IsCollection</visible>
				</control>
				<control type="textbox">
					<label>[COLOR $VAR[ThemeLabelColor]]$INFO[ListItem.Tagline,, - ][/COLOR]$VAR[VideoPlotVar]</label>
					<top>555</top>
					<left>15</left>
					<width>650</width>
					<height>343</height>
					<font>font14_textbox</font>
					<shadowcolor>shadow</shadowcolor>
					<autoscroll time="3000" delay="4000" repeat="5000">Skin.HasSetting(Enable.AutoScroll) + !Control.HasFocus(95161)</autoscroll>
					<pagecontrol>95161</pagecontrol>
					<include>DefaultButtonsValues</include>
				</control>
				<control type="scrollbar" id="95161">
					<left>668</left>
					<top>558</top>
					<width>12</width>
					<height>342</height>
					<onleft>50</onleft>
					<onright condition="!Control.IsVisible(615)">SetProperty(MediaMenu,True,Home)</onright>
					<onright condition="!Control.IsVisible(615)">SetFocus(9050)</onright>
					<onright condition="Control.IsVisible(615)">615</onright>
					<ondown>95161</ondown>
					<onup>95161</onup>
					<texturesliderbackground>colors/black10.png</texturesliderbackground>
					<texturesliderbar>colors/white25.png</texturesliderbar>
					<texturesliderbarfocus colordiffuse="$VAR[ThemeLabelColor]">colors/white.png</texturesliderbarfocus>
					<showonepage>false</showonepage>
				</control>
			</control>
			<control type="panel" id="51">
				<left>120</left>
				<top>179</top>
				<width>1000</width>
				<height>900</height>
				<onleft condition="!Control.IsVisible(95160)">SetProperty(MediaMenu,True,Home)</onleft>
				<onleft condition="!Control.IsVisible(95160)">SetFocus(9050)</onleft>
				<onleft condition="Control.IsVisible(95160)">95160</onleft>
				<onright condition="Control.IsVisible(95161)">95161</onright>
				<onright condition="Control.IsVisible(615) + !Control.IsVisible(95161)">615</onright>
				<onup>51</onup>
				<ondown>51</ondown>
				<pagecontrol>95160</pagecontrol>
				<preloaditems>2</preloaditems>
				<viewtype label="$LOCALIZE[31247]">icon</viewtype>
				<scrolltime tween="quadratic" easing="out">300</scrolltime>
				<visible>!Skin.HasSetting(skinvariables.viewtypes) + [Container.Content(tvshows) | Container.Content(movies)] | Skin.HasSetting(skinvariables.viewtypes) + $EXP[Exp_View_51]</visible>
				<itemlayout height="300" width="200" condition="![Skin.HasSetting(Enable.InfoWall.TVBanners) + Container.Content(tvshows)] + ![Skin.HasSetting(Enable.InfoWall.MovieBanners) + Container.Content(movies)]">
					<control type="image">
						<width>200</width>
						<height>300</height>
						<aspectratio>scale</aspectratio>
						<texture border="4" background="true">$VAR[PosterThumb]</texture>
						<bordersize>4</bordersize>
						<bordertexture border="4" infill="false">colors/black.png</bordertexture>
					</control>
					<include content="PosterStatusOverlay">
						<param name="left">161</param>
						<param name="top">4</param>
						<param name="size">35</param>
						<param name="visible">!String.IsEmpty(Skin.String(51.Movies.DisableOverlay)) + [Container.Content(movies) | Container.Content(sets)] | [!String.IsEmpty(Skin.String(51.TV.DisableOverlay)) + Container.Content(tvshows)]</param>
					</include>
					<include condition="Skin.HasSetting(Disable.UnwatchedIcon)" content="UnwatchedEpisodeOverlay">
						<param name="left">4</param>
						<param name="top">4</param>
						<param name="height">35</param>
					</include>
				</itemlayout>
				<focusedlayout height="300" width="200" condition="![Skin.HasSetting(Enable.InfoWall.TVBanners) + Container.Content(tvshows)] + ![Skin.HasSetting(Enable.InfoWall.MovieBanners) + Container.Content(movies)]">
					<control type="group">
						<animation type="Focus" reversible="false">
							<effect type="zoom" start="95" end="100" time="300" tween="sine" easing="inout" center="auto" />
							<effect type="fade" start="80" end="100" time="300" tween="sine" easing="in" />
						</animation>
						<control type="image">
							<width>200</width>
							<height>300</height>
							<aspectratio>scale</aspectratio>
							<texture border="8" background="true">$VAR[PosterThumb]</texture>
							<bordersize>8</bordersize>
							<bordertexture border="8" infill="false" colordiffuse="$VAR[HighlightBarColor]">colors/white.png</bordertexture>
						</control>
						<include content="PosterStatusOverlay">
							<param name="left">157</param>
							<param name="top">8</param>
							<param name="size">35</param>
							<param name="visible">!String.IsEmpty(Skin.String(51.Movies.DisableOverlay)) + [Container.Content(movies) | Container.Content(sets)] | [!String.IsEmpty(Skin.String(51.TV.DisableOverlay)) + Container.Content(tvshows)]</param>
						</include>
						<include condition="Skin.HasSetting(Disable.UnwatchedIcon)" content="UnwatchedEpisodeOverlay">
							<param name="left">8</param>
							<param name="top">8</param>
							<param name="height">35</param>
						</include>
					</control>
				</focusedlayout>
				<itemlayout width="1000" height="180" condition="Skin.HasSetting(Enable.InfoWall.MovieBanners) + Container.Content(movies) | Skin.HasSetting(Enable.InfoWall.TVBanners) + Container.Content(tvshows)">
					<control type="image">
						<width>1000</width>
						<height>181</height>
						<aspectratio align="center" aligny="center">scale</aspectratio>
						<texture border="4" background="true">$VAR[BannerThumb]</texture>
						<bordersize>4</bordersize>
						<bordertexture border="4" infill="false">colors/black.png</bordertexture>
						<visible>!String.IsEmpty(ListItem.Art(banner)) | String.IsEmpty(ListItem.Art(fanart))</visible>
					</control>
					<control type="group">
						<visible>String.IsEmpty(ListItem.Art(banner))</visible>
						<control type="image">
							<width>1000</width>
							<height>181</height>
							<fadetime>300</fadetime>
							<aspectratio>scale</aspectratio>
							<texture border="4" background="true">$INFO[ListItem.Art(fanart)]</texture>
							<bordersize>4</bordersize>
							<bordertexture border="4" infill="false">colors/black.png</bordertexture>
						</control>
						<control type="image">
							<top>10</top>
							<left>9</left>
							<width>470</width>
							<height>161</height>
							<fadetime>300</fadetime>
							<aspectratio>keep</aspectratio>
							<texture background="true">$INFO[ListItem.Art(clearlogo)]</texture>
							<bordersize>4</bordersize>
						</control>
					</control>
					<control type="image">
						<width>1000</width>
						<height>181</height>
						<texture>colors/black10.png</texture>
						<bordersize>4</bordersize>
					</control>
					<include content="PosterStatusOverlay">
						<param name="left">946</param>
						<param name="top">4</param>
						<param name="size">50</param>
						<param name="visible">!String.IsEmpty(Skin.String(51.Movies.DisableOverlay)) + [Container.Content(movies) | Container.Content(sets)] | [!String.IsEmpty(Skin.String(51.TV.DisableOverlay)) + Container.Content(tvshows)]</param>
					</include>
					<include condition="Skin.HasSetting(Disable.UnwatchedIcon)" content="UnwatchedEpisodeOverlay">
						<param name="left">4</param>
						<param name="top">4</param>
					</include>
				</itemlayout>
				<focusedlayout width="1000" height="180" condition="Skin.HasSetting(Enable.InfoWall.MovieBanners) + Container.Content(movies) | Skin.HasSetting(Enable.InfoWall.TVBanners) + Container.Content(tvshows)">
					<control type="group">
						<animation type="Focus" reversible="false">
							<effect type="zoom" start="95" end="100" time="300" tween="sine" easing="inout" center="auto" />
							<effect type="fade" start="80" end="100" time="300" />
						</animation>
						<control type="group">
							<visible>!String.IsEmpty(ListItem.Art(banner)) | String.IsEmpty(ListItem.Art(fanart))</visible>
							<control type="image">
								<width>1000</width>
								<height>181</height>
								<aspectratio align="center" aligny="center">scale</aspectratio>
								<texture border="8" background="true">$VAR[BannerThumb]</texture>
								<bordersize>8</bordersize>
								<bordertexture border="8" infill="false" colordiffuse="$VAR[HighlightBarColor]">colors/white.png</bordertexture>
							</control>
						</control>
						<control type="group">
							<visible>String.IsEmpty(ListItem.Art(banner))</visible>
							<control type="image">
								<width>1000</width>
								<height>181</height>
								<aspectratio>scale</aspectratio>
								<texture border="8" background="true">$INFO[ListItem.Art(fanart)]</texture>
								<bordersize>8</bordersize>
								<bordertexture border="8" infill="false" colordiffuse="$VAR[HighlightBarColor]">colors/white.png</bordertexture>
							</control>
							<control type="image">
								<top>10</top>
								<left>9</left>
								<width>470</width>
								<height>161</height>
								<aspectratio>keep</aspectratio>
								<texture background="true">$INFO[ListItem.Art(clearlogo)]</texture>
								<bordersize>8</bordersize>
							</control>
						</control>
						<include content="PosterStatusOverlay">
							<param name="left">942</param>
							<param name="top">8</param>
							<param name="size">50</param>
							<param name="visible">!String.IsEmpty(Skin.String(51.Movies.DisableOverlay)) + [Container.Content(movies) | Container.Content(sets)] | [!String.IsEmpty(Skin.String(51.TV.DisableOverlay)) + Container.Content(tvshows)]</param>
						</include>
						<include condition="Skin.HasSetting(Disable.UnwatchedIcon)" content="UnwatchedEpisodeOverlay">
							<param name="left">8</param>
							<param name="top">8</param>
						</include>
					</control>
				</focusedlayout>
			</control>
			<control type="scrollbar" id="95160">
				<left>108</left>
				<top>178</top>
				<width>14</width>
				<height>899</height>
				<onright>50</onright>
				<onleft>SetProperty(MediaMenu,True,Home)</onleft>
				<onleft>SetFocus(9050)</onleft>
				<texturesliderbackground>colors/black10.png</texturesliderbackground>
				<texturesliderbar>colors/white25.png</texturesliderbar>
				<texturesliderbarfocus colordiffuse="$VAR[ThemeLabelColor]">colors/white.png</texturesliderbarfocus>
				<showonepage>false</showonepage>
			</control>
		</control>
	</include>
	<!-- Music InfoWall -->
	<include name="MusicInfoWall">
		<control type="group">
			<visible>Control.IsVisible(51) + !Window.IsActive(addoninformation)</visible>
			<include>ViewAnimation</include>
			<top>-65</top>
			<control type="image">
				<left>140</left>
				<top>148</top>
				<width>1640</width>
				<height>964</height>
				<texture border="40">listpanel_back.png</texture>
				<visible>!Skin.HasSetting(Enable.AlternateInfowall)</visible>
			</control>
			<control type="panel" id="51">
				<left>170</left>
				<top>179</top>
				<width>900</width>
				<height>900</height>
				<onleft condition="!Control.IsVisible(95160)">SetProperty(MediaMenu,True,Home)</onleft>
				<onleft condition="!Control.IsVisible(95160)">SetFocus(9050)</onleft>
				<onleft condition="Control.IsVisible(95160)">95160</onleft>
				<onright condition="Control.IsVisible(95161)">95161</onright>
				<onright condition="Control.IsVisible(615) + !Control.IsVisible(95161)">615</onright>
				<onright>95161</onright>
				<onup>51</onup>
				<ondown>51</ondown>
				<pagecontrol>95160</pagecontrol>
				<preloaditems>2</preloaditems>
				<viewtype label="$LOCALIZE[31247]">icon</viewtype>
				<scrolltime tween="quadratic" easing="out">300</scrolltime>
				<visible>Container.Content(albums) | Container.Content(artists) | Container.Content(addons)</visible>
				<itemlayout height="300" width="300" condition="Container.Content(albums) | [Window.IsActive(music) + Container.Content(files) + Container.Content(albums)]">
					<control type="image">
						<width>300</width>
						<height>300</height>
						<aspectratio>scale</aspectratio>
						<texture border="2" background="true">$INFO[ListItem.Icon]</texture>
						<bordertexture border="2" infill="false">colors/black.png</bordertexture>
						<bordersize>2</bordersize>
					</control>
					<control type="image">
						<width>300</width>
						<height>300</height>
						<texture border="2">colors/black25.png</texture>
						<bordersize>2</bordersize>
					</control>
				</itemlayout>
				<focusedlayout height="300" width="300" condition="Container.Content(albums) | [Window.IsActive(music) + Container.Content(files) + Container.Content(albums)]">
					<control type="group">
						<animation type="Focus" reversible="false">
							<effect type="zoom" start="95" end="100" time="300" tween="sine" easing="inout" center="auto" />
							<effect type="fade" start="80" end="100" time="300" tween="sine" easing="in" />
						</animation>
						<control type="image">
							<width>300</width>
							<height>300</height>
							<aspectratio>scale</aspectratio>
							<texture border="8" background="true">$INFO[ListItem.Icon]</texture>
							<bordersize>8</bordersize>
							<bordertexture border="8" infill="false" colordiffuse="$VAR[HighlightBarColor]">colors/white.png</bordertexture>
						</control>
					</control>
				</focusedlayout>
				<itemlayout height="300" width="300" condition="Container.Content(artists) | [Window.IsActive(music) + Container.Content(files) + Container.Content(artists)]">
					<control type="image">
						<width>300</width>
						<height>300</height>
						<aspectratio>scale</aspectratio>
						<texture border="2" background="true">$INFO[ListItem.Icon]</texture>
						<bordersize>2</bordersize>
						<bordertexture border="2" infill="false">colors/black.png</bordertexture>
					</control>
					<control type="image">
						<width>300</width>
						<height>300</height>
						<texture border="2">colors/black25.png</texture>
						<bordersize>2</bordersize>
					</control>
					<control type="image">
						<top>250</top>
						<width>300</width>
						<height>50</height>
						<texture>colors/black50.png</texture>
						<bordersize>2</bordersize>
					</control>
					<control type="label">
						<top>260</top>
						<width>300</width>
						<height>30</height>
						<align>center</align>
						<textoffsetx>15</textoffsetx>
						<textcolor>grey2</textcolor>
						<label>$INFO[ListItem.Label]</label>
					</control>
				</itemlayout>
				<focusedlayout height="300" width="300" condition="Container.Content(artists) | [Window.IsActive(music) + Container.Content(files) + Container.Content(artists)]">
					<control type="group">
						<animation type="Focus" reversible="false">
							<effect type="zoom" start="95" end="100" time="300" tween="sine" easing="inout" center="auto" />
							<effect type="fade" start="80" end="100" time="300" tween="sine" easing="in" />
						</animation>
						<control type="image">
							<width>300</width>
							<height>300</height>
							<aspectratio>scale</aspectratio>
							<texture border="8" background="true">$INFO[ListItem.Icon]</texture>
							<bordersize>8</bordersize>
							<bordertexture border="8" infill="false" colordiffuse="$VAR[HighlightBarColor]">colors/white.png</bordertexture>
						</control>
					</control>
				</focusedlayout>
				<itemlayout height="300" width="300" condition="Container.Content(addons)">
					<control type="image">
						<width>300</width>
						<height>300</height>
						<aspectratio>scale</aspectratio>
						<texture border="2" background="true">$INFO[ListItem.Icon]</texture>
						<bordersize>2</bordersize>
						<bordertexture border="2" infill="false">colors/black.png</bordertexture>
					</control>
					<control type="image">
						<width>300</width>
						<height>300</height>
						<texture border="2">colors/black25.png</texture>
						<bordersize>2</bordersize>
					</control>
					<control type="image">
						<left>250</left>
						<width>50</width>
						<height>50</height>
						<texture>overlays/addons/enabled.png</texture>
						<aspectratio align="center" aligny="top">keep</aspectratio>
						<visible>String.IsEqual(ListItem.Label2,$LOCALIZE[449])</visible>
						<bordersize>2</bordersize>
					</control>
				</itemlayout>
				<focusedlayout height="300" width="300" condition="Container.Content(addons)">
					<control type="group">
						<animation type="Focus" reversible="false">
							<effect type="zoom" start="95" end="100" time="300" tween="sine" easing="inout" center="auto" />
							<effect type="fade" start="80" end="100" time="300" tween="sine" easing="in" />
						</animation>
						<control type="image">
							<width>300</width>
							<height>300</height>
							<aspectratio>scale</aspectratio>
							<texture border="8" background="true">$INFO[ListItem.Icon]</texture>
							<bordersize>8</bordersize>
							<bordertexture border="8" infill="false" colordiffuse="$VAR[HighlightBarColor]">colors/white.png</bordertexture>
						</control>
						<control type="image">
							<left>250</left>
							<width>50</width>
							<height>50</height>
							<texture>overlays/addons/enabled.png</texture>
							<aspectratio align="center" aligny="top">keep</aspectratio>
							<visible>String.IsEqual(ListItem.Label2,$LOCALIZE[449])</visible>
							<bordersize>8</bordersize>
						</control>
					</control>
				</focusedlayout>
			</control>
			<control type="scrollbar" id="95160">
				<left>156</left>
				<top>179</top>
				<width>12</width>
				<height>900</height>
				<onright>50</onright>
				<onleft>SetProperty(MediaMenu,True,Home)</onleft>
				<onleft>SetFocus(9050)</onleft>
				<ondown>95160</ondown>
				<onup>95160</onup>
				<showonepage>false</showonepage>
				<texturesliderbackground colordiffuse="1AFFFFFF">colors/white50.png</texturesliderbackground>
				<texturesliderbar colordiffuse="1AFFFFFF">colors/white.png</texturesliderbar>
				<texturesliderbarfocus colordiffuse="$VAR[ThemeLabelColor]">colors/white.png</texturesliderbarfocus>
				<animation effect="fade" start="100" end="0" time="500" delay="500" condition="!Control.HasFocus(95160)">Conditional</animation>
			</control>
			<control type="group">
				<left>1070</left>
				<top>179</top>
				<control type="image">
					<width>680</width>
					<height>400</height>
					<fadetime>300</fadetime>
					<aspectratio>scale</aspectratio>
					<texture border="2" background="true">$INFO[Container(51).ListItem.Art(fanart)]</texture>
					<bordersize>2</bordersize>
					<bordertexture border="2" infill="false">colors/black.png</bordertexture>
				</control>
				<control type="label">
					<top>401</top>
					<width>628</width>
					<height>60</height>
					<font>font16_title_bold</font>
					<textcolor>grey</textcolor>
					<scroll>true</scroll>
					<label>$VAR[FloorLabelVar]</label>
					<textoffsetx>15</textoffsetx>
				</control>
				<control type="image">
					<left>612</left>
					<top>416</top>
					<width>68</width>
					<height>30</height>
					<aspectratio>keep</aspectratio>
					<texture>$VAR[UnFocusHDIndicator]</texture>
					<colordiffuse>grey</colordiffuse>
				</control>
				<control type="button">
					<top>461</top>
					<width>680</width>
					<label>$INFO[ListItem.Artist,,[CR]]$INFO[ListItem.Year]$INFO[ListItem.Property(Album_Label), • ]</label>
					<include>DefaultButtonsValues</include>
					<visible>Container.Content(albums)</visible>
				</control>
				<control type="button">
					<top>461</top>
					<width>680</width>
					<label>$INFO[ListItem.Property(Artist_Genre),,[CR]]$INFO[ListItem.Property(Artist_YearsActive)]</label>
					<include>DefaultButtonsValues</include>
					<visible>Container.Content(artists)</visible>
				</control>
				<control type="button">
					<top>461</top>
					<width>680</width>
					<label>$INFO[ListItem.AddonCreator,,[CR]]$INFO[ListItem.AddonVersion]</label>
					<include>DefaultButtonsValues</include>
					<visible>Container.Content(addons)</visible>
				</control>
				<control type="textbox">
					<label>$VAR[MusicPlotVar]</label>
					<top>555</top>
					<left>15</left>
					<width>650</width>
					<height>342</height>
					<font>font14_textbox</font>
					<autoscroll time="3000" delay="4000" repeat="5000">Skin.HasSetting(Enable.AutoScroll) + !Control.HasFocus(95161)</autoscroll>
					<pagecontrol>95161</pagecontrol>
					<include>DefaultButtonsValues</include>
				</control>
				<control type="scrollbar" id="95161">
					<left>680</left>
					<top>558</top>
					<width>12</width>
					<height>342</height>
					<onleft>50</onleft>
					<onright condition="!Control.IsVisible(615)">SetProperty(MediaMenu,True,Home)</onright>
					<onright condition="!Control.IsVisible(615)">SetFocus(9050)</onright>
					<onright condition="Control.IsVisible(615)">615</onright>
					<ondown>95161</ondown>
					<onup>95161</onup>
					<showonepage>false</showonepage>
					<texturesliderbackground colordiffuse="1AFFFFFF">colors/white50.png</texturesliderbackground>
					<texturesliderbar colordiffuse="1AFFFFFF">colors/white.png</texturesliderbar>
					<texturesliderbarfocus colordiffuse="$VAR[ThemeLabelColor]">colors/white.png</texturesliderbarfocus>
				</control>
			</control>
		</control>
	</include>
	<!-- Addon InfoWall -->
	<include name="AddonInfoWall">
		<control type="group">
			<visible>Control.IsVisible(51) + !Window.IsActive(addoninformation)</visible>
			<include>ViewAnimation</include>
			<top>-65</top>
			<control type="image">
				<left>140</left>
				<top>148</top>
				<width>1640</width>
				<height>964</height>
				<texture border="40">listpanel_back.png</texture>
			</control>
			<control type="panel" id="51">
				<left>170</left>
				<top>179</top>
				<width>900</width>
				<height>900</height>
				<onleft condition="Control.IsVisible(95160)">95160</onleft>
				<onleft condition="!Control.IsVisible(95160)">SetProperty(MediaMenu,True,Home)</onleft>
				<onleft condition="!Control.IsVisible(95160)">SetFocus(9050)</onleft>
				<onright>95161</onright>
				<onup>51</onup>
				<ondown>51</ondown>
				<pagecontrol>95160</pagecontrol>
				<preloaditems>2</preloaditems>
				<viewtype label="$LOCALIZE[31247]">icon</viewtype>
				<scrolltime tween="quadratic" easing="out">300</scrolltime>
				<visible>Container.Content(addons)</visible>
				<itemlayout height="300" width="300">
					<control type="image">
						<width>300</width>
						<height>300</height>
						<aspectratio>scale</aspectratio>
						<texture border="2" colordiffuse="BFFFFFFF" background="true">$INFO[ListItem.Icon]</texture>
						<bordersize>2</bordersize>
						<bordertexture border="2" infill="false">colors/black.png</bordertexture>
					</control>
					<control type="image">
						<left>250</left>
						<width>50</width>
						<height>50</height>
						<texture>overlays/addons/enabled.png</texture>
						<aspectratio align="center" aligny="top">keep</aspectratio>
						<visible>String.IsEqual(ListItem.Label2,$LOCALIZE[449])</visible>
						<bordersize>2</bordersize>
					</control>
				</itemlayout>
				<focusedlayout height="300" width="300">
					<control type="group">
						<animation type="Focus" reversible="false">
							<effect type="zoom" start="95" end="100" time="300" tween="sine" easing="inout" center="auto" />
							<effect type="fade" start="80" end="100" time="300" tween="sine" easing="in" />
						</animation>
						<control type="image">
							<width>300</width>
							<height>300</height>
							<aspectratio>scale</aspectratio>
							<texture border="8" background="true">$INFO[ListItem.Icon]</texture>
							<bordersize>8</bordersize>
							<bordertexture border="8" infill="false" colordiffuse="$VAR[HighlightBarColor]">colors/white.png</bordertexture>
						</control>
						<control type="image">
							<left>242</left>
							<top>-2</top>
							<width>60</width>
							<height>60</height>
							<texture>overlays/addons/enabled.png</texture>
							<aspectratio align="center" aligny="top">keep</aspectratio>
							<visible>String.IsEqual(ListItem.Label2,$LOCALIZE[449])</visible>
							<bordersize>8</bordersize>
						</control>
					</control>
				</focusedlayout>
			</control>
			<control type="scrollbar" id="95160">
				<left>156</left>
				<top>179</top>
				<width>12</width>
				<height>900</height>
				<onright>50</onright>
				<onleft>SetProperty(MediaMenu,True,Home)</onleft>
				<onleft>SetFocus(9050)</onleft>
				<showonepage>false</showonepage>
				<texturesliderbackground colordiffuse="1AFFFFFF">colors/white50.png</texturesliderbackground>
				<texturesliderbar colordiffuse="1AFFFFFF">colors/white.png</texturesliderbar>
				<texturesliderbarfocus colordiffuse="$VAR[ThemeLabelColor]">colors/white.png</texturesliderbarfocus>
				<animation effect="fade" start="100" end="0" time="500" delay="500" condition="!Control.HasFocus(95160)">Conditional</animation>
			</control>
			<control type="group">
				<left>1070</left>
				<top>179</top>
				<control type="image">
					<width>680</width>
					<height>400</height>
					<fadetime>300</fadetime>
					<aspectratio>scale</aspectratio>
					<texture border="2" background="true" fallback="special://skin/extras/backgrounds/default_livecases.jpg">$INFO[Container(51).ListItem.Art(fanart)]</texture>
					<bordersize>2</bordersize>
					<bordertexture border="2" infill="false">colors/black.png</bordertexture>
				</control>
				<control type="label">
					<top>401</top>
					<width>628</width>
					<height>60</height>
					<font>font16_title_bold</font>
					<textcolor>grey</textcolor>
					<scroll>true</scroll>
					<label>$VAR[FloorLabelVar]</label>
					<textoffsetx>15</textoffsetx>
				</control>
				<control type="image">
					<left>612</left>
					<top>416</top>
					<width>68</width>
					<height>30</height>
					<aspectratio>keep</aspectratio>
					<texture>$VAR[UnFocusHDIndicator]</texture>
					<colordiffuse>grey</colordiffuse>
				</control>
				<control type="button">
					<top>461</top>
					<width>680</width>
					<label>$INFO[ListItem.Artist,,[CR]]$INFO[ListItem.Year]$INFO[ListItem.Property(Album_Label), • ]</label>
					<include>DefaultButtonsValues</include>
					<visible>Container.Content(albums)</visible>
				</control>
				<control type="button">
					<top>461</top>
					<width>680</width>
					<label>$INFO[ListItem.Property(Artist_Genre),,[CR]]$INFO[ListItem.Property(Artist_YearsActive)]</label>
					<include>DefaultButtonsValues</include>
					<visible>Container.Content(artists)</visible>
				</control>
				<control type="button">
					<top>461</top>
					<width>680</width>
					<label>$INFO[ListItem.AddonCreator,,[CR]]$INFO[ListItem.AddonVersion]</label>
					<include>DefaultButtonsValues</include>
					<visible>Container.Content(addons)</visible>
				</control>
				<control type="textbox">
					<label>$VAR[MusicPlotVar]</label>
					<top>555</top>
					<left>15</left>
					<width>650</width>
					<height>342</height>
					<font>font14_textbox</font>
					<autoscroll time="3000" delay="4000" repeat="5000">Skin.HasSetting(Enable.AutoScroll) + !Control.HasFocus(95161)</autoscroll>
					<pagecontrol>95161</pagecontrol>
					<include>DefaultButtonsValues</include>
				</control>
				<control type="scrollbar" id="95161">
					<left>680</left>
					<top>555</top>
					<width>12</width>
					<height>342</height>
					<onleft>50</onleft>
					<onright>SetProperty(MediaMenu,True,Home)</onright>
					<onright>SetFocus(9050)</onright>
					<ondown>95161</ondown>
					<onup>95161</onup>
					<showonepage>false</showonepage>
					<texturesliderbackground colordiffuse="1AFFFFFF">colors/white50.png</texturesliderbackground>
					<texturesliderbar colordiffuse="1AFFFFFF">colors/white.png</texturesliderbar>
					<texturesliderbarfocus colordiffuse="$VAR[ThemeLabelColor]">colors/white.png</texturesliderbarfocus>
				</control>
			</control>
		</control>
	</include>
</includes>