<?xml version="1.0" encoding="UTF-8"?>
<fonts>
	<fontset id="Default" idloc="15109">
		<!-- Normal Fonts -->
		<font>
			<name>font10</name>
			<filename>Roboto-Regular.ttf</filename>
			<size>21</size>
		</font>
		<font>
			<name>font12</name>
			<filename>Roboto-Regular.ttf</filename>
			<size>26</size>
		</font>
		<font>
			<name>font13</name>
			<filename>Roboto-Regular.ttf</filename>
			<size>30</size>
		</font>
		<font>
			<name>font14</name>
			<filename>Roboto-Regular.ttf</filename>
			<size>33</size>
		</font>
		<font>
			<name>font16</name>
			<filename>Roboto-Regular.ttf</filename>
			<size>38</size>
		</font>
		<font>
			<name>font30</name>
			<filename>Roboto-Regular.ttf</filename>
			<size>45</size>
		</font>
		<font>
			<name>fontContextMenu</name>
			<filename>Roboto-Regular.ttf</filename>
			<size>27</size>
		</font>
		<!-- Title Fonts -->
		<font>
			<name>font10_title</name>
			<filename>Roboto-Bold.ttf</filename>
			<size>18</size>
		</font>
		<font>
			<name>font11_title</name>
			<filename>Roboto-Bold.ttf</filename>
			<size>24</size>
		</font>
		<font>
			<name>font12_title</name>
			<filename>Roboto-Bold.ttf</filename>
			<size>26</size>
		</font>
		<font>
			<name>font13_title</name>
			<filename>Roboto-Bold.ttf</filename>
			<size>30</size>
		</font>
		<font>
			<name>font24_title</name>
			<filename>Roboto-Bold.ttf</filename>
			<size>36</size>
		</font>
		<font>
			<name>font28_title</name>
			<filename>Roboto-Bold.ttf</filename>
			<size>42</size>
		</font>
		<font>
			<name>font30_title</name>
			<filename>Roboto-Bold.ttf</filename>
			<size>45</size>
		</font>
		<font>
			<name>font35_title</name>
			<filename>Roboto-Bold.ttf</filename>
			<size>53</size>
		</font>
		<font>
			<name>font_MainMenu</name>
			<filename>Roboto-Bold.ttf</filename>
			<size>60</size>
		</font>
		<font>
			<name>WeatherTemp</name>
			<filename>Roboto-Bold.ttf</filename>
			<size>120</size>
		</font>
		<font>
			<name>OSDPlaySpeed</name>
			<filename>Roboto-Bold.ttf</filename>
			<size>14</size>
		</font>
        <font>
            <name>font_tiny</name>
            <filename>Inter-Unicode-Regular.ttf</filename>
            <size>21</size>
        </font>
        <font>
            <name>font_tiny_iconic</name>
            <filename>fa-solid-900.ttf</filename>
            <size>22</size>
        </font>
	</fontset>
	<fontset id="Massive" idloc="15110">
		<!-- Normal Fonts -->
		<font>
			<name>font10</name>
			<filename>Roboto-Regular.ttf</filename>
			<size>21</size>
		</font>
		<font>
			<name>font12</name>
			<filename>Roboto-Regular.ttf</filename>
			<size>35</size>
		</font>
		<font>
			<name>font13</name>
			<filename>Roboto-Regular.ttf</filename>
			<size>38</size>
		</font>
		<font>
			<name>font14</name>
			<filename>Roboto-Regular.ttf</filename>
			<size>38</size>
		</font>
		<font>
			<name>font16</name>
			<filename>Roboto-Regular.ttf</filename>
			<size>38</size>
		</font>
		<font>
			<name>font30</name>
			<filename>Roboto-Regular.ttf</filename>
			<size>45</size>
		</font>
		<font>
			<name>fontContextMenu</name>
			<filename>Roboto-Regular.ttf</filename>
			<size>38</size>
		</font>
		<!-- Title Fonts -->
		<font>
			<name>font10_title</name>
			<filename>Roboto-Bold.ttf</filename>
			<size>18</size>
		</font>
		<font>
			<name>font12_title</name>
			<filename>Roboto-Bold.ttf</filename>
			<size>26</size>
		</font>
		<font>
			<name>font13_title</name>
			<filename>Roboto-Bold.ttf</filename>
			<size>30</size>
		</font>
		<font>
			<name>font24_title</name>
			<filename>Roboto-Bold.ttf</filename>
			<size>36</size>
		</font>
		<font>
			<name>font28_title</name>
			<filename>Roboto-Bold.ttf</filename>
			<size>42</size>
		</font>
		<font>
			<name>font30_title</name>
			<filename>Roboto-Bold.ttf</filename>
			<size>45</size>
		</font>
		<font>
			<name>font35_title</name>
			<filename>Roboto-Bold.ttf</filename>
			<size>53</size>
		</font>
		<font>
			<name>font_MainMenu</name>
			<filename>Roboto-Bold.ttf</filename>
			<size>60</size>
		</font>
		<font>
			<name>WeatherTemp</name>
			<filename>Roboto-Bold.ttf</filename>
			<size>120</size>
		</font>
		<font>
			<name>OSDPlaySpeed</name>
			<filename>Roboto-Bold.ttf</filename>
			<size>14</size>
		</font>
        <font>
            <name>font_tiny</name>
            <filename>Inter-Unicode-Regular.ttf</filename>
            <size>21</size>
        </font>
        <font>
            <name>font_tiny_iconic</name>
            <filename>fa-solid-900.ttf</filename>
            <size>22</size>
        </font>
	</fontset>
	<fontset id="Arial" idloc="31392">
		<!-- Arial Font better for non English -->
		<font>
			<name>font10</name>
			<filename>arial.ttf</filename>
			<size>18</size>
		</font>
		<font>
			<name>font12</name>
			<filename>arial.ttf</filename>
			<size>23</size>
		</font>
		<font>
			<name>font13</name>
			<filename>arial.ttf</filename>
			<size>27</size>
		</font>
		<font>
			<name>font14</name>
			<filename>arial.ttf</filename>
			<size>30</size>
		</font>
		<font>
			<name>font16</name>
			<filename>arial.ttf</filename>
			<size>35</size>
		</font>
		<font>
			<name>font30</name>
			<filename>arial.ttf</filename>
			<size>42</size>
		</font>
		<font>
			<name>fontContextMenu</name>
			<filename>arial.ttf</filename>
			<size>24</size>
		</font>
		<!-- Title Fonts -->
		<font>
			<name>font10_title</name>
			<filename>arial.ttf</filename>
			<size>15</size>
			<style>bold</style>
		</font>
		<font>
			<name>font12_title</name>
			<filename>arial.ttf</filename>
			<size>23</size>
			<style>bold</style>
		</font>
		<font>
			<name>font13_title</name>
			<filename>arial.ttf</filename>
			<size>27</size>
			<style>bold</style>
		</font>
		<font>
			<name>font24_title</name>
			<filename>arial.ttf</filename>
			<size>33</size>
			<style>bold</style>
		</font>
		<font>
			<name>font28_title</name>
			<filename>arial.ttf</filename>
			<size>39</size>
			<style>bold</style>
		</font>
		<font>
			<name>font30_title</name>
			<filename>arial.ttf</filename>
			<size>42</size>
			<style>bold</style>
		</font>
		<font>
			<name>font35_title</name>
			<filename>arial.ttf</filename>
			<size>50</size>
			<style>bold</style>
		</font>
		<font>
			<name>font_MainMenu</name>
			<filename>arial.ttf</filename>
			<size>53</size>
			<style>bold</style>
		</font>
		<font>
			<name>WeatherTemp</name>
			<filename>arial.ttf</filename>
			<size>120</size>
			<style>bold</style>
		</font>
		<font>
			<name>OSDPlaySpeed</name>
			<filename>arial.ttf</filename>
			<size>12</size>
			<style>bold</style>
		</font>
        <font>
            <name>font_tiny</name>
            <filename>Inter-Unicode-Regular.ttf</filename>
            <size>21</size>
        </font>
        <font>
            <name>font_tiny_iconic</name>
            <filename>fa-solid-900.ttf</filename>
            <size>22</size>
        </font>
	</fontset>
</fonts>
