<?xml version="1.0" encoding="UTF-8"?>
<includes>
	<!-- CONSTANTS -->
	<constant name="FanartCrossfadeTime">500</constant>
	<constant name="IconCrossfadeTime">400</constant>
	<constant name="DepthDialog">0.50</constant>
	<constant name="DepthDialog+">0.52</constant>
	<constant name="DepthDialog-">0.48</constant>
	<constant name="DepthMax">0.54</constant>
	<constant name="DepthOSD">0.40</constant>
	<constant name="DepthOSD+">0.44</constant>
	<constant name="DepthOSD-">0.36</constant>
	<constant name="DepthOSDPopout">0.48</constant>
	<constant name="DepthContent">0</constant>
	<constant name="DepthContent+">0.08</constant>
	<constant name="DepthContent-">-0.08</constant>
	<constant name="DepthContentPopout">0.15</constant>
	<constant name="DepthMenu">0.08</constant>
	<constant name="DepthMenu+">0.14</constant>
	<constant name="DepthMenu-">0.00</constant>
	<constant name="DepthHeader">0.08</constant>
	<constant name="DepthFooter">0.08</constant>
	<constant name="DepthBackground">-0.80</constant>
	<constant name="DepthFloor">-0.20</constant>
	<constant name="DepthSideBlade">0.15</constant>
</includes>
