<window>
	<defaultcontrol>1</defaultcontrol>
	<visible>Player.Seeking | Player.HasPerformedSeek(3) | Player.Paused | Player.Forwarding | Player.Rewinding</visible>
	<include>dialogeffect</include>
	<coordinates>
		<system>1</system>
		<posx>850</posx>
		<posy>640</posy>
	</coordinates>
	<controls>
		<control type="group">
			<!-- Chapter Count images -->
			<posx>-825</posx>
			<visible>player.chaptercount</visible>
			<control type="image">
				<posx>0</posx>
				<posy>0</posy>
				<width>180</width>
				<height>50</height>
				<colordiffuse>DDFFFFFF</colordiffuse>
				<texture>black-back.png</texture>
				<bordertexture border="3">NoCover_1.png</bordertexture>
				<bordersize>4</bordersize>
			</control>
			<control type="label" id="1">
				<description>Chapter Pos No</description>
				<posx>-10</posx>
				<posy>10</posy>
				<width>200</width>
				<height>30</height>
				<align>center</align>
				<aligny>center</aligny>
				<label>$INFO[player.chapter,$LOCALIZE[21396] ]$INFO[player.chaptercount, / ]</label>
				<visible>player.chaptercount</visible>
				<font>font11</font>
			</control>
		</control>
		<control type="group">
			<posx>5</posx>
			<!-- playstate images -->
			<control type="image">
				<posx>0</posx>
				<posy>0</posy>
				<width>400</width>
				<height>50</height>
				<colordiffuse>DDFFFFFF</colordiffuse>
				<texture>black-back.png</texture>
				<bordertexture border="3">NoCover_1.png</bordertexture>
				<bordersize>4</bordersize>
			</control>
			<control type="label">
				<description>Playback State Label</description>
				<posx>120</posx>
				<posy>8</posy>
				<height>20</height>
				<width>160</width>
				<align>center</align>
				<aligny>center</aligny>
				<font>font10</font>
				<textcolor>grey2</textcolor>
				<label>$VAR[PlaybackStateLabel]</label>
			</control>

			<!-- progressbar dialog -->
			<control type="label" id="22">
				<description>Elapsed Time Label</description>
				<posx>10</posx>
				<posy>7</posy>
				<width>100</width>
				<height>20</height>
				<font>font11</font>
				<textcolor>white</textcolor>
				<align>left</align>
				<aligny>center</aligny>
				<info>Player.Time</info>
				<visible>!Player.Seeking</visible>
			</control>
			<control type="label" id="22">
				<description>Seek Time Label</description>
				<posx>10</posx>
				<posy>7</posy>
				<width>100</width>
				<height>20</height>
				<font>font11</font>
				<textcolor>white</textcolor>
				<align>left</align>
				<aligny>center</aligny>
				<info>Player.SeekTime</info>
				<visible>Player.Seeking</visible>
			</control>
			<control type="label" id="0">
				<description>Duration Label</description>
				<posx>390</posx>
				<posy>7</posy>
				<width>100</width>
				<height>20</height>
				<label>$INFO[Player.Duration]</label>
				<font>font11</font>
				<textcolor>white</textcolor>
				<align>right</align>
				<aligny>center</aligny>
			</control>
			<control type="progress">
				<description>Cache Progressbar</description>
				<posx>10</posx>
				<posy>31</posy>
				<width>380</width>
				<height>8</height>
				<info>Player.ProgressCache</info>
				<texturebg border="4,0,4,0">ProgressBack.png</texturebg>
				<midtexture border="4,0,4,0">ProgressCache.png</midtexture>
			</control>
			<control type="progress" id="23">
				<description>Progressbar</description>
				<posx>10</posx>
				<posy>31</posy>
				<width>380</width>
				<height>8</height>
				<info>Player.Progress</info>
				<texturebg border="4,0,4,0">ProgressBack2.png</texturebg>
			</control>
			<control type="progress">
				<description>Player Caching Progress Bar</description>
				<posx>10</posx>
				<posy>40</posy>
				<width>380</width>
				<height>3</height>
				<midtexture border="4,0,4,0">ProgressBuffer.png</midtexture>
				<info>Player.CacheLevel</info>
				<visible>Player.Caching</visible>
			</control>
			<control type="slider" id="401">
				<description>Seek Slider</description>
				<orientation>horizontal</orientation>
				<posx>10</posx>
				<posy>31</posy>
				<width>380</width>
				<height>12</height>
				<texturesliderbar>seekslider.png</texturesliderbar>
				<textureslidernib>slider_nibFO.png</textureslidernib>
				<textureslidernibfocus>slider_nibFO.png</textureslidernibfocus>
				<onup>1</onup>
				<ondown>1</ondown>
				<onleft>1</onleft>
				<onright>1</onright>
				<visible>Player.Seeking</visible>
			</control>
			<control type="ranges">
				<description>Chapters</description>
				<left>10</left>
				<top>29</top>
				<width>380</width>
				<height>4</height>
				<info>Player.Chapters</info>
				<righttexture>osd_progress_nib.png</righttexture>
			</control>
		</control>
	</controls>
</window>
