<?xml version="1.0" encoding="UTF-8"?>
<window>
	<defaultcontrol always="true">50</defaultcontrol>
	<allowoverlay>no</allowoverlay>
	<views>50,51,550,58,59,57,500,55,56,53,54</views>
	<controls>
		<include>CommonBackground</include>
		<control type="image">
			<posx>0</posx>
			<posy>105</posy>
			<width>850</width>
			<height>540</height>
			<fadetime>FanartCrossfadeTime</fadetime>
			<aspectratio scalediffuse="false">scale</aspectratio>
			<texture background="true" diffuse="Fanart_Diffuse.png" fallback="special://skin/backgrounds/videos.jpg">$INFO[ListItem.Art(fanart)]</texture>
			<visible>Control.IsVisible(56)</visible>
			<visible>[Container.Content(Episodes) + !stringcompare(Container.FolderPath,videodb://5/)] | Container.Content(Seasons)</visible>
			<include>VisibleFadeEffect</include>
			<include>Window_OpenClose_Animation</include>
		</control>
		<control type="image">
			<posx>0</posx>
			<posy>105</posy>
			<width>850</width>
			<height>540</height>
			<fadetime>FanartCrossfadeTime</fadetime>
			<aspectratio scalediffuse="false">scale</aspectratio>
			<texture background="true" diffuse="Fanart_Diffuse.png" fallback="special://skin/backgrounds/videos.jpg">$INFO[ListItem.Art(fanart)]</texture>
			<include>VisibleFadeEffect</include>
			<visible>Control.IsVisible(56)</visible>
			<visible>[Container.Content(Episodes) + stringcompare(Container.FolderPath,videodb://5/)] | !Container.Content(Seasons)</visible>
			<include>Window_OpenClose_Animation</include>
		</control>
		<include>3d_CoverView</include> <!-- view id = 500 -->
		<control type="group">
			<include>Window_OpenClose_Right_Panel_Animation</include>
			<control type="group">
				<animation effect="slide" start="0,0" end="970,0" time="300" tween="quadratic" easing="out" condition="!Skin.HasSetting(Animate_Skin) + Control.IsVisible(500)">Conditional</animation>
				<animation effect="slide" start="0,0" end="560,0" time="300" tween="quadratic" easing="out" condition="!Skin.HasSetting(Animate_Skin) + Control.IsVisible(56)">Conditional</animation>
				<animation effect="slide" start="0,0" end="970,0" time="0" condition="Skin.HasSetting(Animate_Skin) + Control.IsVisible(500)">Conditional</animation>
				<animation effect="slide" start="0,0" end="560,0" time="0" condition="Skin.HasSetting(Animate_Skin) + Control.IsVisible(56)">Conditional</animation>
				<include>ContentPanel</include>
				<include>CommonRootView</include> <!-- view id = 50 -->
				<include>CommonListView</include> <!-- view id = 51 -->
				<include>MoviesListView</include> <!-- view id = 58 -->
				<include>TVShowListView</include> <!-- view id = 59 -->
				<include>MovieDVDView</include> <!-- view id = 57 -->
				<include>MovieFanartView</include> <!-- view id = 56 -->
				<include>VideoThumbnailView</include> <!-- view id = 53 -->
				<include>WideIconView</include> <!-- view id = 54 -->
				<include>AddonInfoView</include>  <!-- view id = 550 -->
			</control>
			<control type="grouplist">
				<description>Media Codec Flagging Images</description>
				<posx>320</posx>
				<posy>675</posy>
				<width>640</width>
				<itemgap>0</itemgap>
				<orientation>horizontal</orientation>
				<include>VideoCodecFlagging</include>
				<include>AudioCodecFlagging</include>
				<include>AspectCodecFlagging</include>
				<animation effect="slide" start="0,0" end="-280,0" time="300" tween="quadratic" easing="out" condition="Control.IsVisible(500)">Conditional</animation>
				<visible>!Control.IsVisible(56) + !Skin.HasSetting(Hide_Video_Flags)</visible>
			</control>
			<include>AllViewCommonPageControls</include>
			<include>CommonFileCount</include>
			<include>ScrollOffsetLabel</include>
		</control>
		<control type="group">
			<control type="grouplist">
				<description>Media Codec Flagging Images</description>
				<posx>275</posx>
				<posy>675</posy>
				<width>640</width>
				<itemgap>0</itemgap>
				<orientation>horizontal</orientation>
				<include>VideoCodecFlagging</include>
				<include>AudioCodecFlagging</include>
				<include>AspectCodecFlagging</include>
				<visible>Control.IsVisible(56) + !Skin.HasSetting(Hide_Video_Flags)</visible>
			</control>
			<include>Window_OpenClose_Animation</include>
			<include>MovieFanartView_Extras</include>
		</control>
		<control type="group">
			<include>Window_OpenClose_Left_Panel_Animation</include>
			<include>CommonNowPlaying</include>
			<control type="group" id="9000">
				<posx>0</posx>
				<posy>130</posy>
				<animation effect="slide" start="0,0" end="-275,0" time="300" tween="quadratic" easing="out" condition="!Skin.HasSetting(Animate_Skin) + [[Control.IsVisible(56) | Control.IsVisible(500)] + !ControlGroup(9000).HasFocus]">Conditional</animation>
				<animation effect="slide" start="0,0" end="-275,0" time="0" condition="Skin.HasSetting(Animate_Skin) + [[Control.IsVisible(56) | Control.IsVisible(500)] + !ControlGroup(9000).HasFocus]">Conditional</animation>
				<control type="image">
					<posx>0</posx>
					<posy>-30</posy>
					<width>320</width>
					<height>580</height>
					<texture border="0,0,50,45">Panel2.png</texture>
					<visible>Control.IsVisible(56) | Control.IsVisible(500)</visible>
					<include>VisibleFadeEffect</include>
				</control>
				<control type="button" id="2">
					<description>View As button</description>
					<posx>0</posx>
					<posy>0</posy>
					<include>ButtonCommonValues</include>
					<label></label>
					<onleft>50</onleft>
					<onright>50</onright>
					<onup>611</onup>
					<ondown>3</ondown>
				</control>
				<control type="button" id="3">
					<description>Sort by button</description>
					<posx>0</posx>
					<posy>45</posy>
					<include>ButtonCommonValues</include>
					<label>103</label>
					<onleft>50</onleft>
					<onright>4</onright>
					<onup>2</onup>
					<ondown>14</ondown>
				</control>
				<control type="togglebutton" id="4">
					<description>Sort asc</description>
					<posx>250</posx>
					<posy>58</posy>
					<label></label>
					<onleft>3</onleft>
					<onright>50</onright>
					<onup>2</onup>
					<ondown>14</ondown>
				</control>
				<control type="radiobutton" id="14">
					<description>Watched Toggle</description>
					<posx>0</posx>
					<posy>90</posy>
					<include>ButtonCommonValues</include>
					<label>20367</label>
					<onleft>50</onleft>
					<onright>50</onright>
					<onup>3</onup>
					<ondown>8</ondown>
				</control>
				<control type="button" id="8">
					<description>Search</description>
					<posx>0</posx>
					<posy>135</posy>
					<include>ButtonCommonValues</include>
					<label>137</label>
					<onleft>50</onleft>
					<onright>50</onright>
					<onup>14</onup>
					<ondown>19</ondown>
				</control>
				<control type="radiobutton" id="19">
					<description>Filter</description>
					<posx>0</posx>
					<posy>180</posy>
					<include>ButtonCommonValues</include>
					<label>587</label>
					<onleft>50</onleft>
					<onright>50</onright>
					<onup>8</onup>
					<ondown>20</ondown>
					<selected>Container.Filtered</selected>
					<visible>!Container.CanFilterAdvanced</visible>
				</control>
				<control type="radiobutton" id="20">
					<description>Advanced Filter</description>
					<posx>0</posx>
					<posy>180</posy>
					<include>ButtonCommonValues</include>
					<label>587</label>
					<onclick>Filter</onclick>
					<onleft>50</onleft>
					<onright>50</onright>
					<onup>19</onup>
					<ondown>16</ondown>
					<selected>Container.Filtered</selected>
					<visible>Container.CanFilterAdvanced</visible>
				</control>
				<control type="radiobutton" id="16">
					<description>PartyMode</description>
					<posx>0</posx>
					<posy>225</posy>
					<include>ButtonCommonValues</include>
					<label>589</label>
					<onleft>50</onleft>
					<onright>50</onright>
					<onup>20</onup>
					<ondown>612</ondown>
				</control>
				<control type="button" id="612">
					<posx>0</posx>
					<posy>270</posy>
					<include>ButtonCommonValues</include>
					<label>$LOCALIZE[31055]</label>
					<onclick>ActivateWindow(videoplaylist)</onclick>
					<visible>Integer.IsGreater(Playlist.Length(video),0)</visible>
					<onleft>50</onleft>
					<onright>50</onright>
					<onup>16</onup>
					<ondown>11</ondown>
				</control>
				<control type="radiobutton" id="11">
					<description>Unlock Shares</description>
					<posx>0</posx>
					<posy>315</posy>
					<include>ButtonCommonValues</include>
					<label>20336</label>
					<onleft>50</onleft>
					<onright>50</onright>
					<onup>612</onup>
					<ondown>610</ondown>
					<pulseonselect>no</pulseonselect>
					<onclick>mastermode</onclick>
					<selected>system.ismaster</selected>
					<visible>system.haslocks</visible>
				</control>
				<control type="button" id="610">
					<description>Fake Button to fix Player Controls Navigation</description>
					<onup>11</onup>
					<ondown>603</ondown>
					<visible>false</visible>
				</control>
				<control type="group">
					<posx>0</posx>
					<posy>590</posy>
					<animation effect="slide" start="0,0" end="0,-45" time="0" condition="!Control.IsVisible(11)">conditional</animation>
					<include>CommonNowPlaying_Controls</include>
				</control>
				<control type="button" id="611">
					<description>Fake Button to fix Player Controls Navigation</description>
					<onup>603</onup>
					<ondown>2</ondown>
					<visible>false</visible>
				</control>
			</control>
		</control>
		<control type="image">
			<posx>0</posx>
			<posy>0</posy>
			<width>1280</width>
			<height>128</height>
			<texture>Header.png</texture>
		</control>
		<control type="image">
			<posx>640</posx>
			<posy>0</posy>
			<width>640</width>
			<height>105</height>
			<aspectratio align="right">keep</aspectratio>
			<texture background="true" diffuse="Wide_Icon_Diffuse.png">ListItem.Art(tvshow.banner)</texture>
			<visible>Container.Content(Seasons) | Container.Content(Episodes)</visible>
			<include>Window_OpenClose_Animation</include>
			<fadetime>IconCrossfadeTime</fadetime>
		</control>
		<control type="image">
			<posx>640</posx>
			<posy>0</posy>
			<width>640</width>
			<height>105</height>
			<aspectratio align="right">keep</aspectratio>
			<texture background="true" diffuse="Wide_Icon_Diffuse.png">$VAR[BannerThumb]</texture>
			<visible>Container.Content(TVShows) + Control.IsVisible(56)</visible>
			<include>Window_OpenClose_Animation</include>
			<fadetime>IconCrossfadeTime</fadetime>
		</control>
		<control type="label">
			<include>WindowTitleCommons</include>
			<label>$LOCALIZE[9] - $LOCALIZE[20314]$INFO[Container.PluginName, - ]</label>
		</control>
		<include>WindowTitleButtonsMedia</include>
		<include>BehindDialogFadeOut</include>

<!-- Test code for the flagging Can stay until all codecs done

		<control type="label">
			<posy>10</posy>
			<font>font13</font>
			<include>WindowTitleCommons</include>
			<label>Video - $INFO[ListItem.VideoResolution] - $INFO[ListItem.VideoCodec] - $INFO[Listitem.HdrType] - $INFO[ListItem.VideoAspect] - Audio - $INFO[ListItem.AudioCodec] - $INFO[ListItem.AudioChannels] - $INFO[ListItem.AudioLanguage] - Subtitle - $INFO[ListItem.SubtitleLanguage]</label>
		</control>
-->
	</controls>
</window>
