<window>
	<defaultcontrol>8</defaultcontrol>
	<controls>
		<control type="videowindow" id="20">
			<description>videowindow</description>
			<left>0</left>
			<top>0</top>
			<width>1280</width>
			<height>720</height>
		</control>
		<control type="mover" id="8">
			<description>top left mover</description>
			<left>0</left>
			<top>0</top>
			<width>300</width>
			<height>300</height>
			<texturefocus>calibrate-topleft-focus.png</texturefocus>
			<texturenofocus>calibrate-topleft.png</texturenofocus>
			<movingspeed acceleration="180" maxvelocity="300" resettimeout="200" delta="1">
				<eventconfig type="up" />
				<eventconfig type="down" />
				<eventconfig type="left" />
				<eventconfig type="right" />
			</movingspeed>
		</control>
		<control type="mover" id="9">
			<description>right bottom mover</description>
			<left>700</left>
			<top>500</top>
			<width>300</width>
			<height>300</height>
			<texturefocus>calibrate-bottomright-focus.png</texturefocus>
			<texturenofocus>calibrate-bottomright.png</texturenofocus>
			<movingspeed acceleration="180" maxvelocity="300" resettimeout="200" delta="1">
				<eventconfig type="up" />
				<eventconfig type="down" />
				<eventconfig type="left" />
				<eventconfig type="right" />
			</movingspeed>
		</control>
		<control type="mover" id="10">
			<description>subtitle position mover</description>
			<left>200</left>
			<top>500</top>
			<texturefocus>calibrate-subtitles-focus.png</texturefocus>
			<texturenofocus>calibrate-subtitles.png</texturenofocus>
			<movingspeed acceleration="180" maxvelocity="300" resettimeout="200" delta="1">
				<eventconfig type="up" />
				<eventconfig type="down" />
				<eventconfig type="left" />
				<eventconfig type="right" />
			</movingspeed>
		</control>
		<control type="resize" id="11">
			<description>pixel aspect ratio box</description>
			<left>0</left>
			<top>270</top>
			<width>288</width>
			<height>288</height>
			<texturefocus>calibrate-pixelratio-focus.png</texturefocus>
			<texturenofocus>calibrate-pixelratio.png</texturenofocus>
			<movingspeed acceleration="140" maxvelocity="300" resettimeout="180" delta="1">
				<eventconfig type="left" />
				<eventconfig type="right" />
			</movingspeed>
		</control>
		<control type="mover" id="12">
			<description>reset calibration</description>
			<left>0</left>
			<top>900</top>
			<width>150</width>
			<height>150</height>
			<texturefocus>icon_reset.png</texturefocus>
			<texturenofocus colordiffuse="grey3">icon_reset.png</texturenofocus>
		</control>
		<control type="group">
			<left>240</left>
			<top>60</top>
			<control type="image" id="1">
				<description>rectangle image</description>
				<left>0</left>
				<top>0</top>
				<width>800</width>
				<height>80</height>
				<colordiffuse>AAFFFFFF</colordiffuse>
				<texture border="6">dialog_background.png</texture>
			</control>
			<control type="image" id="1">
				<description>rectangle image</description>
				<left>5</left>
				<top>5</top>
				<width>790</width>
				<height>70</height>
				<colordiffuse>BBFFFFFF</colordiffuse>
				<texture>menu_back.png</texture>
				<aspectratio>scale</aspectratio>
			</control>
			<control type="label" id="2">
				<description>coordinates label</description>
				<left>20</left>
				<top>0</top>
				<width>750</width>
				<label></label>
				<align>center</align>
				<font>font13</font>
			</control>
			<control type="label" id="3">
				<description>help information</description>
				<left>20</left>
				<top>25</top>
				<width>750</width>
				<label></label>
				<align>center</align>
				<font>font13</font>
			</control>
			<control type="label" id="4">
				<description>calibration value</description>
				<left>0</left>
				<top>75</top>
				<width>100%</width>
				<label></label>
				<align>center</align>
				<font>font25</font>
			</control>
		</control>
	</controls>
</window>
