<?xml version="1.0" encoding="UTF-8"?>
<window type="buttonMenu" id="1133">
    <defaultcontrol always="false">101</defaultcontrol>
    <coordinates>
        <system>1</system>
        <left>468</left>
        <top>260</top>
    </coordinates>
    <controls>
        <control type="group">
            <depth>DepthDialog</depth>
            <control type="grouplist">
                <itemgap>0</itemgap>
                <control type="image">
                    <width>344</width>
                    <height>32</height>
                    <texture border="40,30,40,0">gui/context-menu-top.png</texture>
                </control>
                <control type="image">
                    <width>344</width>
                    <height>147</height>
                    <texture border="40,2,40,2">gui/context-menu-middle.png</texture>
                </control>
                <control type="image">
                    <width>344</width>
                    <height>32</height>
                    <texture flipy="true" border="40,0,40,30">gui/context-menu-top.png</texture>
                </control>
            </control>
            <control type="grouplist" id="100">
                <left>32</left>
                <top>32</top>
                <itemgap>2</itemgap>
                <onup>100</onup>
                <ondown>100</ondown>
                <control type="button" id="101">
                    <description>Original</description>
                    <include>ContextMenuBtn</include>
                    <label>$LOCALIZE[32064]</label>
                    <selected>Integer.IsEqual(Player.Process(amlogic.vs10.mode.raw),5) | [[Integer.IsEqual(Player.Process(amlogic.vs10.mode.raw),0) | Integer.IsEqual(Player.Process(amlogic.vs10.mode.raw),1)] + String.Contains(Player.Process(video.hdr.type),Dolby)]</selected>
                    <onclick>Action(vs10.original)</onclick>
                    <onclick>Dialog.Close(1133)</onclick>
                </control>
                <control type="button" id="102">
                    <description>VS10 SDR</description>
                    <include>ContextMenuBtn</include>
                    <label>VS10 SDR</label>
                    <selected>Integer.IsEqual(Player.Process(amlogic.vs10.mode.raw),3)</selected>
                    <onclick>Action(vs10.sdr)</onclick>
                    <onclick>Dialog.Close(1133)</onclick>
                </control>
                <control type="button" id="103">
                    <description>VS10 HDR</description>
                    <include>ContextMenuBtn</include>
                    <label>VS10 HDR10</label>
                    <visible>[String.Contains(Player.Process(video.hdr.type),SDR) | String.Contains(Player.Process(video.hdr.type),HLG)]</visible>
                    <selected>Integer.IsEqual(Player.Process(amlogic.vs10.mode.raw),2)</selected>
                    <onclick>Action(vs10.hdr10)</onclick>
                    <onclick>Dialog.Close(1133)</onclick>
                </control>
                <control type="button" id="104">
                    <description>VS10 Dolby Vision</description>
                    <include>ContextMenuBtn</include>
                    <visible>String.Contains(Player.Process(video.hdr.type),SDR) | String.Contains(Player.Process(video.hdr.type),HDR)</visible>
                    <label>VS10 Dolby Vision</label>
                    <selected>[Integer.IsEqual(Player.Process(amlogic.vs10.mode.raw),0) | Integer.IsEqual(Player.Process(amlogic.vs10.mode.raw),1)] + !String.Contains(Player.Process(video.hdr.type),Dolby)</selected>
                    <onclick>Action(vs10.dv)</onclick>
                    <onclick>Dialog.Close(1133)</onclick>
                </control>
            </control>
            <control type="button">
                <left>284</left>
                <include>DialogCloseBtn</include>
            </control>
        </control>
    </controls>
</window>
