<?xml version="1.0" encoding="UTF-8" standalone="yes"?>
<addon id="repository.jamals.cpm.skins" name="Jamals CPM Skins" version="0.1.3" provider-name="Jamal2367">
		<extension point="xbmc.addon.repository" name="Jamals CPM Skins Repository">
			  <dir minversion="20.999.0">
					<info compressed="false">https://raw.githubusercontent.com/Teddyknuddel/jamals.cpm.skins/master/addons.xml</info>
					<checksum>https://raw.githubusercontent.com/Teddyknuddel/jamals.cpm.skins/master/addons.xml.md5</checksum>
					<datadir zip="true">https://raw.githubusercontent.com/Teddyknuddel/jamals.cpm.skins/master/</datadir>
				</dir>
		</extension>
		<extension point="xbmc.addon.metadata">
			<summary>Jamals CPM Skins Repository</summary>
		  <description lang="en_GB">Several skins for CPM builds. CPM modifications by jamal2367 - Summary and provision by Teddyknuddel</description>
			<description lang="de_DE">Mehrere Skins für CPM-Builds. CPM-Modifikationen von jamal2367 - Zusammenfassung und Bereitstellung durch Teddyknuddel</description>
			<disclaimer lang="de_DE">Mit der Installation der Skins erklärst du dich damit einverstanden keine verbotenen und illegalen Addons von Kodi damit zu benutzen. Wir stehen in keinerlei Verbindung zu verfübaren Builds und geben keinen Support für diese oder andere illegalen Drittanbieter-Addons.</disclaimer>
			<platform>all</platform>
			<assets>
			   <icon>resources/icon.png</icon>
				<fanart>resources/fanart.jpg</fanart>
			</assets>
		</extension>
	</addon>