<?xml version="1.0" encoding="UTF-8"?>
<window type="dialog" id="1266">
    <defaultcontrol>11</defaultcontrol>
    <controls>
        <include>GlobalOverlay</include>
        <control type="group">
            <include>DefDialogBackground</include>
            <control type="group">
                <left>24</left>
                <top>26</top>
                <control type="label">
                    <description>Header Label</description>
                    <left>70</left>
                    <width>950</width>
                    <posy>0</posy>
                    <include>FontTop</include>
                    <textcolor>Dark2</textcolor>
                    <label>$LOCALIZE[31442]</label>
                </control>
                <include>Kodi_Logo</include>

                <!-- Lines -->
                <control type="image">
                    <top>70</top>
                    <left>17</left>
                    <right>40</right>
                    <height>1</height>
                    <bottom>10</bottom>
                    <colordiffuse>Black12</colordiffuse>
                    <texture>common/white.png</texture>
                </control>
            </control>
            <include content="Def_Gradient_Settings_Image">
                <param name="controlid" value="11"/>
                <param name="left" value="8"/>
                <param name="top" value="117"/>
                <param name="width" value="697"/>
                <param name="height" value="66"/>
                <param name="slide" value="66"/>
            </include>
            <control type="grouplist" id="11">
                <height>660</height>
                <width>705</width>
                <top>117</top>
                <onright>1600</onright>
                <usecontrolcoords>true</usecontrolcoords>
                <itemgap>0</itemgap>
                <pagecontrol>1600</pagecontrol>
                <scrolltime>0</scrolltime>
                <control type="button" id="140">
                    <height>66</height>
                    <include>DefSettingsButtonLabelContextName</include>
                    <label>3</label>
                    <enable>false</enable>
                </control>
                <control type="radiobutton" id="100">
                    <align>left</align>
                    <include>DefContextButtonGradientSelect</include>
                    <label>$LOCALIZE[21443]</label>
                    <visible>Skin.HasSetting(furniture.flagicons)</visible>
                    <selected>!Skin.HasSetting(furniture.flags.resolution)</selected>
                    <onclick>Skin.ToggleSetting(furniture.flags.resolution)</onclick>
                </control>
                <control type="radiobutton" id="101">
                    <align>left</align>
                    <include>DefContextButtonGradientSelect</include>
                    <label>$LOCALIZE[21445]</label>
                    <visible>Skin.HasSetting(furniture.flagicons)</visible>
                    <selected>!Skin.HasSetting(furniture.flags.videocodec)</selected>
                    <onclick>Skin.ToggleSetting(furniture.flags.videocodec)</onclick>
                </control>
                <control type="radiobutton" id="102">
                    <align>left</align>
                    <include>DefContextButtonGradientSelect</include>
                    <label>$LOCALIZE[21374]</label>
                    <visible>Skin.HasSetting(furniture.flagicons)</visible>
                    <selected>!Skin.HasSetting(furniture.flags.aspectratio)</selected>
                    <onclick>Skin.ToggleSetting(furniture.flags.aspectratio)</onclick>
                </control>
                <control type="radiobutton" id="103">
                    <align>left</align>
                    <include>DefContextButtonGradientSelect</include>
                    <label>$LOCALIZE[21446]</label>
                    <visible>Skin.HasSetting(furniture.flagicons)</visible>
                    <selected>!Skin.HasSetting(furniture.flags.audiocodec)</selected>
                    <onclick>Skin.ToggleSetting(furniture.flags.audiocodec)</onclick>
                </control>
                <control type="radiobutton" id="104">
                    <align>left</align>
                    <include>DefContextButtonGradientSelect</include>
                    <label>$LOCALIZE[31483]</label>
                    <visible>Skin.HasSetting(furniture.flagicons)</visible>
                    <selected>!Skin.HasSetting(furniture.flags.audiochannels)</selected>
                    <onclick>Skin.ToggleSetting(furniture.flags.audiochannels)</onclick>
                </control>
                <control type="radiobutton" id="105">
                    <align>left</align>
                    <include>DefContextButtonGradientSelect</include>
                    <label>$LOCALIZE[31480]</label>
                    <visible>Skin.HasSetting(furniture.flagicons)</visible>
                    <selected>!Skin.HasSetting(furniture.flags.hdr)</selected>
                    <onclick>Skin.ToggleSetting(furniture.flags.hdr)</onclick>
                </control>
                <control type="radiobutton" id="106">
                    <align>left</align>
                    <include>DefContextButtonGradientSelect</include>
                    <label>$LOCALIZE[20074]</label>
                    <visible>Skin.HasSetting(furniture.flagicons)</visible>
                    <selected>!Skin.HasSetting(furniture.flags.mpaa)</selected>
                    <onclick>Skin.ToggleSetting(furniture.flags.mpaa)</onclick>
                </control>
                <control type="radiobutton" id="1061">
                    <align>left</align>
                    <include>DefContextButtonGradientSelect</include>
                    <label>$LOCALIZE[31297]$LOCALIZE[31525]</label>
                    <visible>Skin.HasSetting(furniture.flagicons)</visible>
                    <selected>!Skin.HasSetting(furniture.disable.default.icons.mpaa)</selected>
                    <onclick>Skin.ToggleSetting(furniture.disable.default.icons.mpaa)</onclick>
                    <enable>!Skin.HasSetting(furniture.flags.mpaa)</enable>
                </control>
                <control type="radiobutton" id="107">
                    <align>left</align>
                    <include>DefContextButtonGradientSelect</include>
                    <label>$LOCALIZE[31481]</label>
                    <visible>Skin.HasSetting(furniture.flagicons)</visible>
                    <selected>!Skin.HasSetting(furniture.flags.bluray)</selected>
                    <onclick>Skin.ToggleSetting(furniture.flags.bluray)</onclick>
                </control>
                <control type="radiobutton" id="108">
                    <align>left</align>
                    <include>DefContextButtonGradientSelect</include>
                    <label>$LOCALIZE[31482]</label>
                    <visible>Skin.HasSetting(furniture.flagicons)</visible>
                    <selected>!Skin.HasSetting(furniture.flags.top250)</selected>
                    <onclick>Skin.ToggleSetting(furniture.flags.top250)</onclick>
                </control>
                <control type="radiobutton" id="1081">
                    <align>left</align>
                    <include>DefContextButtonGradientSelect</include>
                    <label>$LOCALIZE[31297]$LOCALIZE[31524]</label>
                    <selected>Skin.HasSetting(furniture.flags.top250.enable.labels)</selected>
                    <onclick>Skin.ToggleSetting(furniture.flags.top250.enable.labels)</onclick>
                    <enable>!Skin.HasSetting(furniture.flags.top250)</enable>
                </control>
                <control type="radiobutton" id="109">
                    <align>left</align>
                    <include>DefContextButtonGradientSelect</include>
                    <label>$LOCALIZE[31220]</label>
                    <selected>!Skin.HasSetting(furniture.flags.nextaired)</selected>
                    <onclick>Skin.ToggleSetting(furniture.flags.nextaired)</onclick>
                </control>
                <control type="radiobutton" id="110">
                    <align>left</align>
                    <include>DefContextButtonGradientSelect</include>
                    <label>$LOCALIZE[563]</label>
                    <visible>Skin.HasSetting(furniture.flagicons)</visible>
                    <selected>!Skin.HasSetting(furniture.flags.rating)</selected>
                    <onclick>Skin.ToggleSetting(furniture.flags.rating)</onclick>
                </control>
                <control type="radiobutton" id="111">
                    <align>left</align>
                    <include>DefContextButtonGradientSelect</include>
                    <label>$LOCALIZE[31297]$LOCALIZE[31218]</label>
                    <visible>Skin.HasSetting(furniture.flagicons)</visible>
                    <selected>Skin.HasSetting(furniture.numericrating)</selected>
                    <onclick>Skin.ToggleSetting(furniture.numericrating)</onclick>
                    <enable>!Skin.HasSetting(furniture.flags.rating)</enable>
                </control>
                <control type="radiobutton" id="112">
                    <align>left</align>
                    <include>DefContextButtonGradientSelect</include>
                    <label>31441</label>
                    <selected>Skin.HasSetting(furniture.showtomatoesandmetacritics)</selected>
                    <onclick>Skin.ToggleSetting(furniture.showtomatoesandmetacritics)</onclick>
                </control>
                <control type="radiobutton" id="15">
                    <align>left</align>
                    <include>DefContextButtonGradientSelect</include>
                    <label>368</label>
                    <selected>Skin.HasSetting(furniture.showimdb)</selected>
                    <onclick>Skin.ToggleSetting(furniture.showimdb)</onclick>
                </control>
                <control type="radiobutton" id="113">
                    <align>left</align>
                    <include>DefContextButtonGradientSelect</include>
                    <label>38018</label>
                    <selected>Skin.HasSetting(furniture.showuserrating)</selected>
                    <onclick>Skin.ToggleSetting(furniture.showuserrating)</onclick>
                </control>
                <control type="radiobutton" id="114">
                    <include>DefContextButtonGradientSelect</include>
                    <label>31443</label>
                    <selected>Skin.HasSetting(furniture.showsubtitles)</selected>
                    <onclick>Skin.ToggleSetting(furniture.showsubtitles)</onclick>
                </control>
                <control type="radiobutton" id="115">
                    <include>DefContextButtonGradientSelect</include>
                    <label>$LOCALIZE[31297]$LOCALIZE[31444]</label>
                    <selected>Skin.HasSetting(furniture.showsubtitles.enable.labels)</selected>
                    <onclick>Skin.ToggleSetting(furniture.showsubtitles.enable.labels)</onclick>
                    <enable>Skin.HasSetting(furniture.showsubtitles)</enable>
                </control>
                <control type="radiobutton" id="116">
                    <include>DefContextButtonGradientSelect</include>
                    <label>31536</label>
                    <selected>Skin.HasSetting(furniture.show.audiotracks)</selected>
                    <onclick>Skin.ToggleSetting(furniture.show.audiotracks)</onclick>
                </control>
                <control type="button" id="150">
                    <height>66</height>
                    <include>DefSettingsButtonLabelContextName</include>
                    <label>2</label>
                    <enable>false</enable>
                </control>
                <control type="radiobutton" id="117">
                    <align>left</align>
                    <include>DefContextButtonGradientSelect</include>
                    <label>$LOCALIZE[563]</label>
                    <visible>Skin.HasSetting(furniture.flagicons)</visible>
                    <selected>!Skin.HasSetting(furniture.hide.musicrating)</selected>
                    <onclick>Skin.ToggleSetting(furniture.hide.musicrating)</onclick>
                </control>                
                <control type="radiobutton" id="118">
                    <include>DefContextButtonGradientSelect</include>
                    <label>21446</label>
                    <selected>!Skin.HasSetting(furniture.hide.fileextension)</selected>
                    <onclick>Skin.ToggleSetting(furniture.hide.fileextension)</onclick>
                </control>
                <control type="radiobutton" id="119">
                    <include>DefContextButtonGradientSelect</include>
                    <label>623</label>
                    <selected>!Skin.HasSetting(furniture.hide.bitrate)</selected>
                    <onclick>Skin.ToggleSetting(furniture.hide.bitrate)</onclick>
                </control>
                <control type="radiobutton" id="120">
                    <include>DefContextButtonGradientSelect</include>
                    <label>613</label>
                    <selected>Skin.HasSetting(furniture.show.samplerate)</selected>
                    <onclick>Skin.ToggleSetting(furniture.show.samplerate)</onclick>
                </control>
                <control type="radiobutton" id="121">
                    <include>DefContextButtonGradientSelect</include>
                    <label>38080</label>
                    <selected>Skin.HasSetting(furniture.show.bpm)</selected>
                    <onclick>Skin.ToggleSetting(furniture.show.bpm)</onclick>
                </control>
                <control type="radiobutton" id="125">
                    <align>left</align>
                    <include>DefContextButtonGradientSelect</include>
                    <label>38018</label>
                    <selected>Skin.HasSetting(furniture.showuserrating.audio)</selected>
                    <onclick>Skin.ToggleSetting(furniture.showuserrating.audio)</onclick>
                </control>
            </control>
            <include content="scrollbar_dialog">
                <param name="scrollid" value="1600"/>
                <param name="onleft" value="11"/>
                <param name="onright" value="5"/>
                <param name="visible" value="true"/>
                <param name="height" value="660"/>
            </include>
            <control type="image">
                <posx>705</posx>
                <top>117</top>
                <height>660</height>
                <width>1</width>
                <texture colordiffuse="Black12">common/white.png</texture>
                <visible>!Control.IsVisible(21)</visible>
                <animation effect="fade" start="0" end="100" time="100" condition="!Control.HasFocus(1600) + !Container.Scrolling">Conditional</animation>
            </control>
            <control type="button" id="5">
                <description>Manual</description>
                <posx>738</posx>
                <posy>117</posy>
                <width>300</width>
                <height>66</height>
                <align>center</align>
                <label>15067</label>
                <onleft>1600</onleft>
                <font>Button</font>
                <textcolor>Black70</textcolor>
                <texturefocus colordiffuse="$VAR[ColorHighlight]" border="5">common/box.png</texturefocus>
                <onclick>Close</onclick>
            </control>
            <include>DialogSelectlabelInclude</include>
        </control>
    </controls>
</window>