<?xml version="1.0" encoding="UTF-8"?>
<!-- Foundation -->
<window type="dialog" id="1140">
    <zorder>1</zorder>
    <defaultcontrol always="true">9000</defaultcontrol>
    <controls>
        <include>GlobalOverlay</include>
        <include>Animation.Common</include>
        <control type="group">
            <height>420</height>
            <visible allowhiddenfocus="true">ControlGroup(9000).HasFocus()</visible>
            <include>Animation.ZoomIn</include>
            <include>Animation.FadeOut</include>
            <top>184</top>
            <centerleft>50%</centerleft>
            <height>382</height>
            <width>466</width>
            <control type="image">
                <description>background image</description>
                <posx>0</posx>
                <posy>100</posy>
                <width>466</width>
                <height>100%</height>
                <texture border="16" colordiffuse="White100">common/rounded-shadow8.png</texture>
            </control>
            <control type="group">
                <left>22</left>
                <top>122</top>
                <control type="label">
                    <description>Header Label</description>
                    <left>70</left>
                    <width>950</width>
                    <posy>0</posy>
                    <include>FontTop</include>
                    <textcolor>Dark2</textcolor>
                    <label>32065</label>
                </control>
                <include>Kodi_Logo</include>
                <!-- Lines -->
                <control type="image">
                    <top>70</top>
                    <left>17</left>
                    <width>390</width>
                    <height>1</height>
                    <bottom>10</bottom>
                    <colordiffuse>Black12</colordiffuse>
                    <texture>common/white.png</texture>
                </control>
            </control>
            <include content="Def9000Arrows">
                <param name="arrow_bottom" value="620" />
            </include>
            <include content="Def_Gradient_Settings_Image">
                <param name="controlid" value="9000" />
                <param name="left" value="8" />
                <param name="top" value="212" />
                <param name="width" value="450" />
            </include>
            <control type="grouplist" id="9000">
                <posx>8</posx>
                <posy>212</posy>
                <width>510</width>
                <height>490</height>
                <itemgap>0</itemgap>
                <usecontrolcoords>true</usecontrolcoords>
                <scrolltime>0</scrolltime>
                <onright>Dialog.Close(1140)</onright>
                <onleft>Dialog.Close(1140)</onleft>
                <control type="button" id="2388">
                    <description>Filter</description>
                    <include>DefContextButtonGradient</include>
                    <label>$LOCALIZE[32064]</label>
                    <selected>Integer.IsEqual(Player.Process(amlogic.vs10.mode.raw),5) | [[Integer.IsEqual(Player.Process(amlogic.vs10.mode.raw),0) | Integer.IsEqual(Player.Process(amlogic.vs10.mode.raw),1)] + String.Contains(Player.Process(video.hdr.type),Dolby)]</selected>
                    <align>left</align>
                    <onclick>Action(vs10.original)</onclick>
                    <onclick>Dialog.Close(1140)</onclick>
                </control>
                <control type="button" id="2389">
                    <description>Filter</description>
                    <include>DefContextButtonGradient</include>
                    <label>VS10 SDR</label>
                    <align>left</align>
                    <selected>Integer.IsEqual(Player.Process(amlogic.vs10.mode.raw),3)</selected>
                    <onclick>Action(vs10.sdr)</onclick>
                    <onclick>Dialog.Close(1140)</onclick>
                </control>
                <control type="button" id="2390">
                    <description>Filter</description>
                    <include>DefContextButtonGradient</include>
                    <visible>[String.Contains(Player.Process(video.hdr.type),SDR) | String.Contains(Player.Process(video.hdr.type),HLG)]</visible>
                    <label>VS10 HDR10</label>
                    <align>left</align>
                    <selected>Integer.IsEqual(Player.Process(amlogic.vs10.mode.raw),2)</selected>
                    <onclick>Action(vs10.hdr10)</onclick>
                    <onclick>Dialog.Close(1140)</onclick>
                </control>
                <control type="button" id="2391">
                    <description>Filter</description>
                    <include>DefContextButtonGradient</include>
                    <visible>String.Contains(Player.Process(video.hdr.type),SDR) | String.Contains(Player.Process(video.hdr.type),HDR)</visible>
                    <label>VS10 Dolby Vision</label>
                    <align>left</align>
                    <selected>[Integer.IsEqual(Player.Process(amlogic.vs10.mode.raw),0) | Integer.IsEqual(Player.Process(amlogic.vs10.mode.raw),1)] + !String.Contains(Player.Process(video.hdr.type),Dolby)</selected>
                    <onclick>Action(vs10.dv)</onclick>
                    <onclick>Dialog.Close(1140)</onclick>
                </control>
            </control>
        </control>
    </controls>
</window>
