<?xml version="1.0" encoding="UTF-8"?>
<!-- Foundation -->
<window id="2600">
    <defaultcontrol always="true">9100</defaultcontrol>
    <menucontrol>9000</menucontrol>
    <background>0</background>
    <controls>
        <include>GlobalBackground</include>
        <include>Furniture_Header</include>
        <include>Furniture_NowPlaying</include>
        <include>Furniture_Clock</include>
        <control type="group">
            <include>Animation.Common</include>
            <control type="group">
                <visible>Container(9100).HasFocus(3)</visible>
                <include content="weatherlistinput">
                    <param name="InputId" value="1"/>
                </include>
            </control>
            <control type="group">
                <visible>Container(9100).HasFocus(4)</visible>
                <include content="weatherlistinput">
                    <param name="InputId" value="2"/>
                </include>
            </control>
            <control type="group">
                <visible>Container(9100).HasFocus(5)</visible>
                <include content="weatherlistinput">
                    <param name="InputId" value="3"/>
                </include>
            </control>
            <control type="group">
                <visible>Container(9100).HasFocus(6)</visible>
                <include content="weatherlistinput">
                    <param name="InputId" value="4"/>
                </include>
            </control>
            <control type="group">
                <visible>Container(9100).HasFocus(7)</visible>
                <include content="weatherlistinput">
                    <param name="InputId" value="5"/>
                </include>
            </control>
            <control type="scrollbar" id="1675">
                <include content="scrollbar_hor">
                    <param name="scrollid" value="1675"/>
                    <param name="jumpbar" value="false"/>
                </include>
            </control>
            <control type="image">
                <visible>!Container(9100).OnNext + !Container(9100).OnPrevious</visible>
                <left>1850</left>
                <top>530</top>
                <include>arrowdimensions</include>
                <texture colordiffuse="Dark1" flipx="false">common/arrow-small-right.png</texture>
                <include>Animation.DelayFadeIn2</include>
            </control>
            <control type="image">
                <visible>!Container(9100).OnNext + !Container(9100).OnPrevious</visible>
                <left>55</left>
                <top>530</top>
                <include>arrowdimensions</include>
                <texture colordiffuse="Dark1" flipx="true">common/arrow-small-right.png</texture>
                <include>Animation.DelayFadeIn2</include>
            </control>
            <control type="wraplist" id="9100">
                <pagecontrol>1675</pagecontrol>
                <width>1760</width>
                <height>900</height>
                <left>SidePad</left>
                <orientation>horizontal</orientation>
                <onup>9000</onup>
                <ondown>9000</ondown>
                <include>ScrolltimeViewsList</include>
                <scroll>false</scroll>
                <preloaditems>0</preloaditems>
                <itemlayout height="810" width="1840">
                    <control type="group">
                        <visible>String.IsEqual(ListItem.Label2,Eins)</visible>
                        <control type="group">
                            <width>275</width>
                            <height>PosterH</height>
                            <posy>PosterPad</posy>
                            <left>0</left>
                            <control type="image">
                                <width>100%</width>
                                <height>100%</height>
                                <texture border="5" colordiffuse="Panel">common/box.png</texture>
                            </control>
                            <control type="image">
                                <left>0</left>
                                <top>0</top>
                                <right>0</right>
                                <bottom>0</bottom>
                                <texture colordiffuse="BoxNotification" border="4" background="true" infill="false">common/box21.png</texture>
                                <visible>!Skin.HasSetting(thumbnails.white)</visible>
                            </control>
                            <control type="multiimage" description="Fanart">
                                <visible>!Skin.HasSetting(weather.hidefanart) + String.Contains(Skin.String(weather.fanart.path),multi) + !String.IsEmpty(Skin.String(weather.fanart.path))</visible>
                                <width>100%</width>
                                <height>100%</height>
                                <fadetime>600</fadetime>
                                <timeperimage>12000</timeperimage>
                                <randomize>true</randomize>
                                <aspectratio>scale</aspectratio>
                                <animation effect="fade" start="100" end="10" condition="true">Conditional</animation>
                                <imagepath background="true">$INFO[Skin.String(weather.fanart.path)]$INFO[Window(Weather).Property(Current.FanartCode)]/</imagepath>
                            </control>
                            <control type="image" description="Fanart">
                                <visible>!Skin.HasSetting(weather.hidefanart) + !String.Contains(Skin.String(weather.fanart.path),multi) + !String.IsEmpty(Skin.String(weather.fanart.path))</visible>
                                <width>100%</width>
                                <height>100%</height>
                                <aspectratio>scale</aspectratio>
                                <animation effect="fade" start="100" end="10" condition="true">Conditional</animation>
                                <texture background="true">$INFO[Skin.String(weather.fanart.path)]$INFO[Window(Weather).Property(Current.FanartCode),,.jpg]</texture>
                            </control>
                            <control type="image">
                                <centertop>35%</centertop>
                                <centerleft>50%</centerleft>
                                <width>240</width>
                                <height>240</height>
                                <aspectratio align="center" aligny="center">keep</aspectratio>
                                <texture>$INFO[Skin.String(weather.icons.path),,/]$INFO[Window(weather).Property(Current.FanartCode),,.png]</texture>
                                <visible>!String.IsEmpty(Skin.String(weather.icons.path)) + !String.Contains(Skin.String(weather.icons.path),animated)</visible>
                            </control>
                            <control type="multiimage">
                                <centertop>35%</centertop>
                                <centerleft>50%</centerleft>
                                <width>240</width>
                                <height>240</height>
                                <aspectratio align="center" aligny="center">keep</aspectratio>
                                <imagepath>$INFO[Skin.String(weather.icons.path),,/]$INFO[Window(weather).Property(Current.FanartCode)]</imagepath>
                                <visible>!String.IsEmpty(Skin.String(weather.icons.path)) + String.Contains(Skin.String(weather.icons.path),animated)</visible>
                            </control>
                            <control type="image">
                                <centertop>35%</centertop>
                                <centerleft>50%</centerleft>
                                <width>240</width>
                                <height>240</height>
                                <aspectratio align="center" aligny="center">keep</aspectratio>
                                <texture>$INFO[Window(weather).Property(Current.ConditionIcon)]</texture>
                                <visible>String.IsEmpty(Skin.String(weather.icons.path))</visible>
                            </control>
                            <control type="label">
                                <top>20</top>
                                <left>20</left>
                                <right>20</right>
                                <align>center</align>
                                <font>Small</font>
                                <textcolor>PanelWhite100</textcolor>
                                <label fallback="10006">19030</label>
                            </control>
                            <control type="label">
                                <centertop>65%</centertop>
                                <left>20</left>
                                <right>20</right>
                                <align>center</align>
                                <font>EpisodeNumber</font>
                                <textcolor>PanelWhite100</textcolor>
                                <label fallback="10006">$INFO[Window(Weather).Property(Current.Temperature),[B],[/B]°]</label>
                            </control>
                            <control type="textbox">
                                <top>76%</top>
                                <height>150</height>
                                <left>20</left>
                                <right>20</right>
                                <align>center</align>
                                <font>Tiny</font>
                                <textcolor>PanelWhite100</textcolor>
                                <label fallback="10006">$INFO[Window(Weather).Property(Current.Condition),,[CR]]$INFO[Window(Weather).Property(Current.FeelsLike),$LOCALIZE[402] ,°[CR]]$INFO[Window(Weather).Property(Current.Humidity),, $LOCALIZE[406][CR]]$INFO[Window(Weather).Property(Current.Wind)]</label>
                            </control>
                        </control>
                        <include content="weatherlistinputpageone">
                            <param name="left" value="297" />
                            <param name="day" value="0" />
                        </include>
                        <include content="weatherlistinputpageone">
                            <param name="left" value="594" />
                            <param name="day" value="1" />
                            <param name="title" value="$INFO[Window(Weather).Property(Day1.Title)]" />
                        </include>
                        <include content="weatherlistinputpageone">
                            <param name="left" value="891" />
                            <param name="day" value="2" />
                            <param name="title" value="$INFO[Window(Weather).Property(Day2.Title)]" />
                        </include>
                        <include content="weatherlistinputpageone">
                            <param name="left" value="1188" />
                            <param name="day" value="3" />
                            <param name="title" value="$INFO[Window(Weather).Property(Day3.Title)]" />
                        </include>
                        <include content="weatherlistinputpageone">
                            <param name="left" value="1485" />
                            <param name="day" value="4" />
                            <param name="title" value="$INFO[Window(Weather).Property(Day4.Title)]" />
                        </include>
                    </control>
                    <control type="group">
                        <visible>String.IsEqual(ListItem.Label2,Vier)</visible>
                        <include content="weatherlistinputpagetwo">
                            <param name="Daily" value="6"/>
                            <param name="weatherlistinputpagetwoleft" value="0"/>
                        </include>
                        <include content="weatherlistinputpagetwo">
                            <param name="Daily" value="7"/>
                            <param name="weatherlistinputpagetwoleft" value="297"/>
                        </include>
                        <include content="weatherlistinputpagetwo">
                            <param name="Daily" value="8"/>
                            <param name="weatherlistinputpagetwoleft" value="594"/>
                        </include>
                        <include content="weatherlistinputpagetwo">
                            <param name="Daily" value="9"/>
                            <param name="weatherlistinputpagetwoleft" value="891"/>
                        </include>
                        <include content="weatherlistinputpagetwo">
                            <param name="Daily" value="10"/>
                            <param name="weatherlistinputpagetwoleft" value="1188"/>
                        </include>
                        <include content="weatherlistinputpagetwo">
                            <param name="Daily" value="11"/>
                            <param name="weatherlistinputpagetwoleft" value="1485"/>
                        </include>
                    </control>
                    <control type="group">
                        <visible>String.IsEqual(ListItem.Label2,Zwei)</visible>
                        <control type="group">
                            <include content="weatherlisttop">
                                <param name="weatherwidth" value="422"/>
                                <param name="weatherleft" value="0"/>
                                <param name="weatherfanartcode" value="1"/>
                            </include>
                            <control type="multiimage" description="Fanart">
                                <visible>!Skin.HasSetting(weather.hidefanart)</visible>
                                <width>100%</width>
                                <height>100%</height>
                                <fadetime>600</fadetime>
                                <timeperimage>12000</timeperimage>
                                <randomize>true</randomize>
                                <aspectratio>scale</aspectratio>
                                <animation effect="fade" start="100" end="10" condition="true">Conditional</animation>
                                <imagepath background="true">$INFO[Skin.String(weather.fanart.path)]$INFO[Window(Weather).Property(Hourly.1.FanartCode)]/</imagepath>
                            </control>
                            <include content="weatherlist">
                                <param name="DayId" value="1"/>
                                <param name="top" value="0"/>
                            </include>
                            <include content="weatherlist">
                                <param name="DayId" value="2"/>
                                <param name="top" value="106"/>
                            </include>
                            <include content="weatherlist">
                                <param name="DayId" value="3"/>
                                <param name="top" value="212"/>
                            </include>
                            <include content="weatherlist">
                                <param name="DayId" value="4"/>
                                <param name="top" value="318"/>
                            </include>
                            <include content="weatherlist">
                                <param name="DayId" value="5"/>
                                <param name="top" value="424"/>
                            </include>
                            <include content="weatherlist">
                                <param name="DayId" value="6"/>
                                <param name="top" value="530"/>
                            </include>
                        </control>
                        <control type="group">
                            <include content="weatherlisttop">
                                <param name="weatherwidth" value="422"/>
                                <param name="weatherleft" value="445"/>
                                <param name="weatherfanartcode" value="7"/>
                            </include>
                            <include content="weatherlist">
                                <param name="DayId" value="7"/>
                                <param name="top" value="0"/>
                            </include>
                            <include content="weatherlist">
                                <param name="DayId" value="8"/>
                                <param name="top" value="106"/>
                            </include>
                            <include content="weatherlist">
                                <param name="DayId" value="9"/>
                                <param name="top" value="212"/>
                            </include>
                            <include content="weatherlist">
                                <param name="DayId" value="10"/>
                                <param name="top" value="318"/>
                            </include>
                            <include content="weatherlist">
                                <param name="DayId" value="11"/>
                                <param name="top" value="424"/>
                            </include>
                            <include content="weatherlist">
                                <param name="DayId" value="12"/>
                                <param name="top" value="530"/>
                            </include>
                        </control>
                        <control type="group">
                            <include content="weatherlisttop">
                                <param name="weatherwidth" value="423"/>
                                <param name="weatherleft" value="890"/>
                                <param name="weatherfanartcode" value="13"/>
                            </include>
                            <include content="weatherlist">
                                <param name="DayId" value="13"/>
                                <param name="top" value="0"/>
                            </include>
                            <include content="weatherlist">
                                <param name="DayId" value="14"/>
                                <param name="top" value="106"/>
                            </include>
                            <include content="weatherlist">
                                <param name="DayId" value="15"/>
                                <param name="top" value="212"/>
                            </include>
                            <include content="weatherlist">
                                <param name="DayId" value="16"/>
                                <param name="top" value="318"/>
                            </include>
                            <include content="weatherlist">
                                <param name="DayId" value="17"/>
                                <param name="top" value="424"/>
                            </include>
                            <include content="weatherlist">
                                <param name="DayId" value="18"/>
                                <param name="top" value="530"/>
                            </include>
                        </control>
                        <control type="group">
                            <include content="weatherlisttop">
                                <param name="weatherwidth" value="422"/>
                                <param name="weatherleft" value="1336"/>
                                <param name="weatherfanartcode" value="19"/>
                            </include>
                            <include content="weatherlist">
                                <param name="DayId" value="19"/>
                                <param name="top" value="0"/>
                            </include>
                            <include content="weatherlist">
                                <param name="DayId" value="20"/>
                                <param name="top" value="106"/>
                            </include>
                            <include content="weatherlist">
                                <param name="DayId" value="21"/>
                                <param name="top" value="212"/>
                            </include>
                            <include content="weatherlist">
                                <param name="DayId" value="22"/>
                                <param name="top" value="318"/>
                            </include>
                            <include content="weatherlist">
                                <param name="DayId" value="23"/>
                                <param name="top" value="424"/>
                            </include>
                            <include content="weatherlist">
                                <param name="DayId" value="24"/>
                                <param name="top" value="530"/>
                            </include>
                        </control>
                    </control>
                    <control type="group">
                        <posy>PosterPad</posy>
                        <visible>String.IsEqual(ListItem.Label2,Drei)</visible>
                        <control type="image">
                            <width>1760</width>
                            <height>640</height>
                            <texture colordiffuse="Box2" border="4" background="true" infill="false">common/box21.png</texture>
                            <visible>!Skin.HasSetting(thumbnails.white)</visible>
                        </control>
                        <control type="image">
                            <left>1</left>
                            <top>1</top>
                            <right>1</right>
                            <bottom>1</bottom>
                            <width>1758</width>
                            <height>638</height>
                            <texture border="5" colordiffuse="Panel">common/box.png</texture>
                        </control>
                        <control type="image">
                            <left>1</left>
                            <top>1</top>
                            <right>1</right>
                            <bottom>1</bottom>
                            <width>1758</width>
                            <height>638</height>
                            <texture>$INFO[ListItem.Icon]</texture>
                            <aspectratio align="center" aligny="center">scale</aspectratio>
                        </control>
                        <control type="image">
                            <left>1</left>
                            <top>1</top>
                            <right>1</right>
                            <bottom>1</bottom>
                            <width>1758</width>
                            <height>638</height>
                            <texture>$INFO[ListItem.Property(MapLayer)]</texture>
                            <aspectratio align="center" aligny="center">scale</aspectratio>
                            <animation type="Conditional" condition="true" reversible="false">
                                <effect type="fade" end="40" start="100" time="0"/>
                            </animation>
                        </control>
                        <control type="label">
                            <top>510</top>
                            <width>1401</width>
                            <height>70</height>
                            <align>right</align>
                            <right>92</right>
                            <textcolor>B3000000</textcolor>
                            <shadowcolor>white</shadowcolor>
                            <font>Tiny</font>
                            <label>[B]$INFO[ListItem.Label][/B]</label>
                        </control>
                        <control type="image">
                            <top>569</top>
                            <width>1401</width>
                            <height>60</height>
                            <right>91</right>
                            <texture>$INFO[ListItem.Property(Legend)]</texture>
                            <aspectratio align="right" aligny="bottom">keep</aspectratio>
                        </control>
                    </control>
                </itemlayout>
                <focusedlayout height="810" width="1840">
                    <control type="group">
                        <visible>String.IsEqual(ListItem.Label2,Eins)</visible>
                        <control type="group">
                            <width>275</width>
                            <height>PosterH</height>
                            <posy>PosterPad</posy>
                            <left>0</left>
                            <control type="image">
                                <width>100%</width>
                                <height>100%</height>
                                <texture border="5" colordiffuse="Panel">common/box.png</texture>
                            </control>
                            <control type="image">
                                <left>0</left>
                                <top>0</top>
                                <right>0</right>
                                <bottom>0</bottom>
                                <texture colordiffuse="BoxNotification" border="4" background="true" infill="false">common/box21.png</texture>
                                <visible>!Skin.HasSetting(thumbnails.white)</visible>
                            </control>
                            <control type="multiimage" description="Fanart">
                                <visible>!Skin.HasSetting(weather.hidefanart) + String.Contains(Skin.String(weather.fanart.path),multi) + !String.IsEmpty(Skin.String(weather.fanart.path))</visible>
                                <width>100%</width>
                                <height>100%</height>
                                <fadetime>600</fadetime>
                                <timeperimage>12000</timeperimage>
                                <randomize>true</randomize>
                                <aspectratio>scale</aspectratio>
                                <animation effect="fade" start="100" end="10" condition="true">Conditional</animation>
                                <imagepath background="true">$INFO[Skin.String(weather.fanart.path)]$INFO[Window(Weather).Property(Current.FanartCode)]/</imagepath>
                            </control>
                            <control type="image" description="Fanart">
                                <visible>!Skin.HasSetting(weather.hidefanart) + !String.Contains(Skin.String(weather.fanart.path),multi) + !String.IsEmpty(Skin.String(weather.fanart.path))</visible>
                                <width>100%</width>
                                <height>100%</height>
                                <aspectratio>scale</aspectratio>
                                <animation effect="fade" start="100" end="10" condition="true">Conditional</animation>
                                <texture background="true">$INFO[Skin.String(weather.fanart.path)]$INFO[Window(Weather).Property(Current.FanartCode),,.jpg]</texture>
                            </control>
                            <control type="image">
                                <centertop>35%</centertop>
                                <centerleft>50%</centerleft>
                                <width>240</width>
                                <height>240</height>
                                <aspectratio align="center" aligny="center">keep</aspectratio>
                                <texture>$INFO[Skin.String(weather.icons.path),,/]$INFO[Window(weather).Property(Current.FanartCode),,.png]</texture>
                                <visible>!String.IsEmpty(Skin.String(weather.icons.path)) + !String.Contains(Skin.String(weather.icons.path)),animated</visible>
                            </control>
                            <control type="multiimage">
                                <centertop>35%</centertop>
                                <centerleft>50%</centerleft>
                                <width>240</width>
                                <height>240</height>
                                <aspectratio align="center" aligny="center">keep</aspectratio>
                                <imagepath>$INFO[Skin.String(weather.icons.path),,/]$INFO[Window(weather).Property(Current.FanartCode)]</imagepath>
                                <visible>!String.IsEmpty(Skin.String(weather.icons.path)) + String.Contains(Skin.String(weather.icons.path),animated)</visible>
                            </control>
                            <control type="image">
                                <centertop>35%</centertop>
                                <centerleft>50%</centerleft>
                                <width>240</width>
                                <height>240</height>
                                <aspectratio align="center" aligny="center">keep</aspectratio>
                                <texture>$INFO[Window(weather).Property(Current.ConditionIcon)]</texture>
                                <visible>String.IsEmpty(Skin.String(weather.icons.path))</visible>
                            </control>
                            <control type="label">
                                <top>20</top>
                                <left>20</left>
                                <right>20</right>
                                <align>center</align>
                                <font>Small</font>
                                <textcolor>PanelWhite100</textcolor>
                                <label fallback="10006">19030</label>
                            </control>
                            <control type="label">
                                <centertop>65%</centertop>
                                <left>20</left>
                                <right>20</right>
                                <align>center</align>
                                <font>EpisodeNumber</font>
                                <textcolor>PanelWhite100</textcolor>
                                <label fallback="10006">$INFO[Window(Weather).Property(Current.Temperature),[B],[/B]°]</label>
                            </control>
                            <control type="textbox">
                                <top>76%</top>
                                <height>150</height>
                                <left>20</left>
                                <right>20</right>
                                <align>center</align>
                                <font>Tiny</font>
                                <textcolor>PanelWhite100</textcolor>
                                <label fallback="10006">$INFO[Window(Weather).Property(Current.Condition),,[CR]]$INFO[Window(Weather).Property(Current.FeelsLike),$LOCALIZE[402] ,°[CR]]$INFO[Window(Weather).Property(Current.Humidity),, $LOCALIZE[406][CR]]$INFO[Window(Weather).Property(Current.Wind)]</label>
                            </control>
                        </control>
                        <include content="weatherlistinputpageone">
                            <param name="left" value="297" />
                            <param name="day" value="0" />
                        </include>
                        <include content="weatherlistinputpageone">
                            <param name="left" value="594" />
                            <param name="day" value="1" />
                            <param name="title" value="$INFO[Window(Weather).Property(Day1.Title)]" />
                        </include>
                        <include content="weatherlistinputpageone">
                            <param name="left" value="891" />
                            <param name="day" value="2" />
                            <param name="title" value="$INFO[Window(Weather).Property(Day2.Title)]" />
                        </include>
                        <include content="weatherlistinputpageone">
                            <param name="left" value="1188" />
                            <param name="day" value="3" />
                            <param name="title" value="$INFO[Window(Weather).Property(Day3.Title)]" />
                        </include>
                        <include content="weatherlistinputpageone">
                            <param name="left" value="1485" />
                            <param name="day" value="4" />
                            <param name="title" value="$INFO[Window(Weather).Property(Day4.Title)]" />
                        </include>
                    </control>
                    <control type="group">
                        <visible>String.IsEqual(ListItem.Label2,Vier)</visible>
                        <include content="weatherlistinputpagetwo">
                            <param name="Daily" value="6"/>
                            <param name="weatherlistinputpagetwoleft" value="0"/>
                        </include>
                        <include content="weatherlistinputpagetwo">
                            <param name="Daily" value="7"/>
                            <param name="weatherlistinputpagetwoleft" value="297"/>
                        </include>
                        <include content="weatherlistinputpagetwo">
                            <param name="Daily" value="8"/>
                            <param name="weatherlistinputpagetwoleft" value="594"/>
                        </include>
                        <include content="weatherlistinputpagetwo">
                            <param name="Daily" value="9"/>
                            <param name="weatherlistinputpagetwoleft" value="891"/>
                        </include>
                        <include content="weatherlistinputpagetwo">
                            <param name="Daily" value="10"/>
                            <param name="weatherlistinputpagetwoleft" value="1188"/>
                        </include>
                        <include content="weatherlistinputpagetwo">
                            <param name="Daily" value="11"/>
                            <param name="weatherlistinputpagetwoleft" value="1485"/>
                        </include>
                    </control>
                    <control type="group">
                        <visible>String.IsEqual(ListItem.Label2,Zwei)</visible>
                        <control type="group">
                            <include content="weatherlisttop">
                                <param name="weatherwidth" value="422"/>
                                <param name="weatherleft" value="0"/>
                                <param name="weatherfanartcode" value="1"/>
                            </include>
                            <include content="weatherlist">
                                <param name="DayId" value="1"/>
                                <param name="top" value="0"/>
                            </include>
                            <include content="weatherlist">
                                <param name="DayId" value="2"/>
                                <param name="top" value="106"/>
                            </include>
                            <include content="weatherlist">
                                <param name="DayId" value="3"/>
                                <param name="top" value="212"/>
                            </include>
                            <include content="weatherlist">
                                <param name="DayId" value="4"/>
                                <param name="top" value="318"/>
                            </include>
                            <include content="weatherlist">
                                <param name="DayId" value="5"/>
                                <param name="top" value="424"/>
                            </include>
                            <include content="weatherlist">
                                <param name="DayId" value="6"/>
                                <param name="top" value="530"/>
                            </include>
                        </control>
                        <control type="group">
                            <include content="weatherlisttop">
                                <param name="weatherwidth" value="422"/>
                                <param name="weatherleft" value="445"/>
                                <param name="weatherfanartcode" value="7"/>
                            </include>
                            <include content="weatherlist">
                                <param name="DayId" value="7"/>
                                <param name="top" value="0"/>
                            </include>
                            <include content="weatherlist">
                                <param name="DayId" value="8"/>
                                <param name="top" value="106"/>
                            </include>
                            <include content="weatherlist">
                                <param name="DayId" value="9"/>
                                <param name="top" value="212"/>
                            </include>
                            <include content="weatherlist">
                                <param name="DayId" value="10"/>
                                <param name="top" value="318"/>
                            </include>
                            <include content="weatherlist">
                                <param name="DayId" value="11"/>
                                <param name="top" value="424"/>
                            </include>
                            <include content="weatherlist">
                                <param name="DayId" value="12"/>
                                <param name="top" value="530"/>
                            </include>
                        </control>
                        <control type="group">
                            <include content="weatherlisttop">
                                <param name="weatherwidth" value="423"/>
                                <param name="weatherleft" value="890"/>
                                <param name="weatherfanartcode" value="13"/>
                            </include>
                            <include content="weatherlist">
                                <param name="DayId" value="13"/>
                                <param name="top" value="0"/>
                            </include>
                            <include content="weatherlist">
                                <param name="DayId" value="14"/>
                                <param name="top" value="106"/>
                            </include>
                            <include content="weatherlist">
                                <param name="DayId" value="15"/>
                                <param name="top" value="212"/>
                            </include>
                            <include content="weatherlist">
                                <param name="DayId" value="16"/>
                                <param name="top" value="318"/>
                            </include>
                            <include content="weatherlist">
                                <param name="DayId" value="17"/>
                                <param name="top" value="424"/>
                            </include>
                            <include content="weatherlist">
                                <param name="DayId" value="18"/>
                                <param name="top" value="530"/>
                            </include>
                        </control>
                        <control type="group">
                            <include content="weatherlisttop">
                                <param name="weatherwidth" value="422"/>
                                <param name="weatherleft" value="1336"/>
                                <param name="weatherfanartcode" value="19"/>
                            </include>
                            <include content="weatherlist">
                                <param name="DayId" value="19"/>
                                <param name="top" value="0"/>
                            </include>
                            <include content="weatherlist">
                                <param name="DayId" value="20"/>
                                <param name="top" value="106"/>
                            </include>
                            <include content="weatherlist">
                                <param name="DayId" value="21"/>
                                <param name="top" value="212"/>
                            </include>
                            <include content="weatherlist">
                                <param name="DayId" value="22"/>
                                <param name="top" value="318"/>
                            </include>
                            <include content="weatherlist">
                                <param name="DayId" value="23"/>
                                <param name="top" value="424"/>
                            </include>
                            <include content="weatherlist">
                                <param name="DayId" value="24"/>
                                <param name="top" value="530"/>
                            </include>
                        </control>
                    </control>
                    <control type="group">
                        <posy>PosterPad</posy>
                        <visible>String.IsEqual(ListItem.Label2,Drei)</visible>
                        <control type="image">
                            <width>1760</width>
                            <height>640</height>
                            <texture colordiffuse="Box2" border="4" background="true" infill="false">common/box21.png</texture>
                            <visible>!Skin.HasSetting(thumbnails.white)</visible>
                        </control>
                        <control type="image">
                            <left>1</left>
                            <top>1</top>
                            <right>1</right>
                            <bottom>1</bottom>
                            <width>1758</width>
                            <height>638</height>
                            <texture border="5" colordiffuse="Panel">common/box.png</texture>
                        </control>
                        <control type="image">
                            <left>1</left>
                            <top>1</top>
                            <right>1</right>
                            <bottom>1</bottom>
                            <width>1758</width>
                            <height>638</height>
                            <texture>$INFO[ListItem.Icon]</texture>
                            <aspectratio align="center" aligny="center">scale</aspectratio>
                        </control>
                        <control type="image">
                            <left>1</left>
                            <top>1</top>
                            <right>1</right>
                            <bottom>1</bottom>
                            <width>1758</width>
                            <height>638</height>
                            <texture>$INFO[ListItem.Property(MapLayer)]</texture>
                            <aspectratio align="center" aligny="center">scale</aspectratio>
                            <animation type="Conditional" condition="true" reversible="false">
                                <effect type="fade" end="40" start="100" time="0"/>
                            </animation>
                        </control>
                        <control type="label">
                            <top>510</top>
                            <width>1401</width>
                            <height>70</height>
                            <align>right</align>
                            <right>92</right>
                            <textcolor>B3000000</textcolor>
                            <shadowcolor>white</shadowcolor>
                            <font>Tiny</font>
                            <label>[B]$INFO[ListItem.Label][/B]</label>
                        </control>
                        <control type="image">
                            <top>569</top>
                            <width>1401</width>
                            <height>60</height>
                            <right>91</right>
                            <texture>$INFO[ListItem.Property(Legend)]</texture>
                            <aspectratio align="right" aligny="bottom">keep</aspectratio>
                        </control>
                    </control>
                </focusedlayout>
                <content>
                    <item id="0">
                        <label/>
                        <label2>Eins</label2>
                        <icon/>
                    </item>
                    <item id="1">
                        <label>31094</label>
                        <icon/>
                        <label2>Vier</label2>
                        <visible>!String.IsEmpty(Window.Property(Daily.IsFetched))</visible>
                    </item>
                    <item id="2">
                        <label>31093</label>
                        <icon/>
                        <label2>Zwei</label2>
                    </item>
                    <item id="3">
                        <label>$INFO[Window.Property(Map.1.Heading)]</label>
                        <icon>$INFO[Window.Property(Map.1.Area)]</icon>
                        <property name="MapLayer">$INFO[Window.Property(Map.1.Layer)]</property>
                        <property name="Legend">$INFO[Window.Property(Map.1.Legend)]</property>
                        <label2>Drei</label2>
                        <visible>!String.IsEmpty(Window.Property(Map.1.Area)) + !String.IsEmpty(Window.Property(Map.IsFetched))</visible>
                    </item>
                    <item id="4">
                        <label>$INFO[Window.Property(Map.2.Heading)]</label>
                        <icon>$INFO[Window.Property(Map.2.Area)]</icon>
                        <property name="MapLayer">$INFO[Window.Property(Map.2.Layer)]</property>
                        <property name="Legend">$INFO[Window.Property(Map.2.Legend)]</property>
                        <label2>Drei</label2>
                        <visible>!String.IsEmpty(Window.Property(Map.2.Area)) + !String.IsEmpty(Window.Property(Map.IsFetched))</visible>
                    </item>
                    <item id="5">
                        <label>$INFO[Window.Property(Map.3.Heading)]</label>
                        <icon>$INFO[Window.Property(Map.3.Area)]</icon>
                        <property name="MapLayer">$INFO[Window.Property(Map.3.Layer)]</property>
                        <property name="Legend">$INFO[Window.Property(Map.3.Legend)]</property>
                        <label2>Drei</label2>
                        <visible>!String.IsEmpty(Window.Property(Map.3.Area)) + !String.IsEmpty(Window.Property(Map.IsFetched))</visible>
                    </item>
                    <item id="6">
                        <label>$INFO[Window.Property(Map.4.Heading)]</label>
                        <icon>$INFO[Window.Property(Map.4.Area)]</icon>
                        <property name="MapLayer">$INFO[Window.Property(Map.4.Layer)]</property>
                        <property name="Legend">$INFO[Window.Property(Map.4.Legend)]</property>
                        <label2>Drei</label2>
                        <visible>!String.IsEmpty(Window.Property(Map.4.Area)) + !String.IsEmpty(Window.Property(Map.IsFetched))</visible>
                    </item>
                    <item id="7">
                        <label>$INFO[Window.Property(Map.5.Heading)]</label>
                        <icon>$INFO[Window.Property(Map.5.Area)]</icon>
                        <property name="MapLayer">$INFO[Window.Property(Map.5.Layer)]</property>
                        <property name="Legend">$INFO[Window.Property(Map.5.Legend)]</property>
                        <label2>Drei</label2>
                        <visible>!String.IsEmpty(Window.Property(Map.5.Area)) + !String.IsEmpty(Window.Property(Map.IsFetched))</visible>
                    </item>
                </content>
            </control>
        </control>
        <control type="spincontrolex" id="3">
            <textoffsetx>30</textoffsetx>
            <description>Location Select</description>
            <visible allowhiddenfocus="true">false</visible>
        </control>
        <control type="group">
            <include>Animation.FadeIn</include>
            <include>Animation.FadeOut</include>
            <visible>ControlGroup(9000).HasFocus()</visible>
            <include>GlobalOverlay</include>
        </control>
        <control type="group">
            <height>623</height>
            <include>Def9000Background</include>
            <control type="group">
                <left>22</left>
                <top>22</top>
                <control type="label">
                    <description>Header Label</description>
                    <left>70</left>
                    <width>950</width>
                    <posy>0</posy>
                    <include>FontTop</include>
                    <textcolor>Dark2</textcolor>
                    <label>14018</label>
                </control>
                <include>Kodi_Logo</include>

                <!-- Lines -->
                <control type="image">
                    <top>70</top>
                    <left>17</left>
                    <width>385</width>
                    <height>1</height>
                    <bottom>10</bottom>
                    <colordiffuse>Black12</colordiffuse>
                    <texture>common/white.png</texture>
                </control>
            </control>
            <include content="Def9000Arrows"><param name="arrow_bottom" value="620" /></include>
            <include content="Def_Gradient_Settings_Image">
                <param name="controlid" value="9000"/>
                <param name="left" value="8"/>
                <param name="top" value="112"/>
                <param name="width" value="450"/>
            </include>
            <control type="grouplist" id="9000">
                <onright>9100</onright>
                <onleft>9100</onleft>
                <onback>9100</onback>
                <scrolltime>0</scrolltime>
                <usecontrolcoords>true</usecontrolcoords>
                <height>550</height>
                <top>112</top>
                <include>Def9000GroupList</include>

                <!-- Weather Options -->
                <control type="button" id="9008" description="Weather Location">
                    <include>DefContextButtonGradient</include>
                    <align>left</align>
                    <label>$LOCALIZE[184]:</label>
                    <label2>$INFO[Weather.Location]</label2>
                    <onclick>Weather.LocationNext</onclick>
                </control>
                <control type="button" id="9001" description="Set Icons">
                    <include>DefContextButtonGradient</include>
                    <align>left</align>
                    <label>31260</label>
                    <onclick>RunScript(script.image.resource.select,property=weather.icons&amp;type=resource.images.weathericons)</onclick>
                </control>
                <control type="radiobutton" id="9005">
                    <include>DefContextButtonGradient</include>
                    <align>left</align>
                    <label>$LOCALIZE[31386]</label>
                    <selected>Skin.HasSetting(weather.icons.override)</selected>
                    <onclick>Skin.ToggleSetting(weather.icons.override)</onclick>
                    <enable>!String.IsEmpty(Skin.String(weather.icons.path))</enable>
                </control>
                <control type="button" id="9004" description="Set Weather Fanart">
                    <include>DefContextButtonGradient</include>
                    <align>left</align>
                    <label>31143</label>
                    <onclick>RunScript(script.image.resource.select,property=weather.fanart&amp;type=resource.images.weatherfanart)</onclick>
                </control>
                <control type="radiobutton" id="9002" description="Show weather overlay">
                    <include>DefContextButtonGradient</include>
                    <align>left</align>
                    <label>31234</label>
                    <enable>!String.IsEmpty(Skin.String(weather.fanart.path))</enable>
                    <selected>!Skin.HasSetting(weather.hidefanart)</selected>
                    <onclick>Skin.ToggleSetting(weather.hidefanart)</onclick>
                </control>
                <control type="radiobutton" id="9009" description="Show weather overlay">
                    <include>DefContextButtonGradient</include>
                    <align>left</align>
                    <label>$LOCALIZE[31385]</label>
                    <enable>!String.IsEmpty(Skin.String(weather.fanart.path)) + !Skin.HasSetting(weather.hidefanart)</enable>
                    <selected>!Skin.HasSetting(weather.fanart.widgets)</selected>
                    <onclick>Skin.ToggleSetting(weather.fanart.widgets)</onclick>
                </control>
                <control type="button" description="Set Weather Fanart">
                    <include>DefContextButtonGradient</include>
                    <align>left</align>
                    <label>$LOCALIZE[12014]:</label>
                    <label2>$INFO[Window.Property(Updated)]</label2>
                    <onclick>noop</onclick>
                </control>
            </control>
        </control>
    </controls>
</window>
