<?xml version="1.0" encoding="UTF-8"?>

<window>
    <defaultcontrol>155</defaultcontrol>
    <coordinates>
        <origin x="0" y="0"/>
    </coordinates>
    <controls>
        <include>GlobalOverlay</include>
        <control type="group">
            <include>Animation.ZoomIn</include>
            <include>Animation.FadeOut</include>
            <top>208</top>
            <centerleft>50%</centerleft>
            <width>466</width>
            <control type="image">
                <description>background image</description>
                <posx>8</posx>
                <top>-15</top>
                <posy>-16</posy>
                <width>450</width>
                <height>320</height>
                <texture border="16" colordiffuse="White100">common/box.png</texture>
            </control>
            <control type="group">
                <left>22</left>
                <top>0</top>
                <control type="label">
                    <description>Header Label</description>
                    <left>70</left>
                    <width>950</width>
                    <posy>0</posy>
                    <include>FontTop</include>
                    <textcolor>Dark2</textcolor>
                    <label>10106</label>
                </control>
                <include>Kodi_Logo</include>
                <control type="image" id="150">
                     <visible>false</visible>
                </control>
                <control type="image">
                    <top>70</top>
                    <left>17</left>
                    <width>385</width>
                    <height>1</height>
                    <bottom>10</bottom>
                    <colordiffuse>Black12</colordiffuse>
                    <texture>common/white.png</texture>
                </control>
            </control>
            <control type="list" id="155">
                <posx>8</posx>
                <posy>0</posy>
                <width>510</width>
                <top>90</top>
                <height max="700">auto</height>
                <itemgap>0</itemgap>
                <scrolltime>0</scrolltime>
                <itemlayout width="450" height="65">
                    <control type="label">
                        <posx>30</posx>
                        <font>Tiny</font>
                        <textcolor>Black70</textcolor>
                        <label>$INFO[ListItem.Label]</label>
                    </control>
                </itemlayout>
                <focusedlayout width="450" height="65">
                    <control type="image">
                        <align>left</align>
                        <texture colordiffuse="$VAR[ColorHighlight]" border="16">common/white.png</texture>
                    </control>
                    <control type="label">
                        <posx>30</posx>
                        <font>Tiny</font>
                        <textcolor>Selected</textcolor>
                        <align>left</align>
                        <label>$INFO[ListItem.Label]</label>
                    </control>
                </focusedlayout>
            </control>
        </control>
    </controls>
</window>
