<colors>
	<color name="white">FFE5E5E5</color>
	<color name="white2">CCFFFFFF</color>
	<color name="white3">80FFFFFF</color>
	<color name="grey">FFBDBDBD</color>
	<color name="grey2">FF999999</color>
	<color name="grey3">FF606060</color>
	<color name="grey4">FF404040</color>
	<color name="black">FF000000</color>
	<color name="blue">FF6DB9E5</color>
	<color name="invalid">FFFF0000</color>
	<color name="dialogheader">FF777777</color>
	<color name="shadow">FF000000</color>
    <color name="dialog_fg_100">ffededed</color>
    <color name="dialog_fg_90">e7ededed</color>
    <color name="dialog_fg_70">b3ededed</color>
    <color name="panel_fg_12">1fededed</color>
</colors>