<?xml version="1.0" encoding="UTF-8"?>
<includes>
	<include name="MediaFlagsFull">
		<control type="grouplist">
			<left>$PARAM[full_left]</left>
			<bottom>14</bottom>
			<width>1870</width>
			<height>78</height>
			<orientation>horizontal</orientation>
			<align>$PARAM[full_align]</align>
			<visible>$PARAM[full_visible]</visible>
			<visible>!ListItem.IsCollection</visible>
			<animation effect="fade" time="300" delay="200">Visible</animation>
			<include condition="System.AddonIsEnabled(script.skinvariables) | System.AddonIsEnabled(plugin.video.themoviedb.helper)">RatingsMediaFlags</include>
			<control type="group">
				<width>170</width>
				<visible>![Container.Content(movies) + Control.IsVisible(50)]</visible>
				<visible>![Container.Content(movies) + Skin.HasSetting(DisableFlag_MovieStudio)]</visible>
				<visible>![Container.Content(episodes) + Skin.HasSetting(DisableFlag_EpisodeStudio)]</visible>
				<control type="image" id="$PARAM[movie_studio_id]">
					<include>MediaFlagValues</include>
					<texture background="true">$VAR[PathFlagsStudios]$INFO[ListItem.Studio,,.png]</texture>
				</control>
				<control type="label">
					<width>170</width>
					<height>78</height>
					<align>center</align>
					<font>font10</font>
					<textcolor>grey</textcolor>
					<wrapmultiline>true</wrapmultiline>
					<label>$INFO[ListItem.Studio]</label>
					<visible>String.IsEmpty(Control.GetLabel($PARAM[movie_studio_id]))</visible>
				</control>
			</control>
			<control type="image">
				<include>MediaFlagValues</include>
				<texture>$VAR[MediaFlagsPathVar]/mpaa/$VAR[RatingFlagVar]</texture>
				<visible>![Container.Content(movies) + Skin.HasSetting(DisableFlag_MovieMPAA)]</visible>
				<visible>![Container.Content(episodes) + Skin.HasSetting(DisableFlag_EpisodeMPAA)]</visible>
			</control>
			<control type="image">
				<include>MediaFlagValues</include>
				<texture>$VAR[MediaFlagsPathVar]/resolution/$INFO[ListItem.VideoResolution,,.png]</texture>
				<visible>![Container.Content(movies) + Skin.HasSetting(DisableFlag_MovieResolution)]</visible>
				<visible>![Container.Content(episodes) + Skin.HasSetting(DisableFlag_EpisodeResolution)]</visible>
			</control>
			<control type="image">
				<include>MediaFlagValues</include>
				<texture>$VAR[MediaFlagsPathVar]/$VAR[HDRFlagsVar]</texture>
				<visible>![Container.Content(movies) + Skin.HasSetting(DisableFlag_MovieHDRType)]</visible>
				<visible>![Container.Content(episodes) + Skin.HasSetting(DisableFlag_EpisodeHDRType)]</visible>
			</control>
			<control type="image">
				<include>MediaFlagValues</include>
				<texture>$VAR[MediaFlagsPathVar]/videocodec/$VAR[SourceFlagVar]</texture>
				<visible>![Container.Content(movies) + Skin.HasSetting(DisableFlag_MovieSource)]</visible>
				<visible>![Container.Content(episodes) + Skin.HasSetting(DisableFlag_EpisodeSource)]</visible>
			</control>
			<control type="image">
				<include>MediaFlagValues</include>
				<texture>$VAR[MediaFlagsPathVar]/aspectratio/$INFO[ListItem.VideoAspect,,.png]</texture>
				<visible>![Container.Content(movies) + Skin.HasSetting(DisableFlag_MovieAspect)]</visible>
				<visible>![Container.Content(episodes) + Skin.HasSetting(DisableFlag_EpisodeAspect)]</visible>
			</control>
			<control type="image">
				<include>MediaFlagValues</include>
				<texture>$VAR[MediaFlagsPathVar]/audiocodec/$VAR[AudioCodecFlagVar]</texture>
				<visible>![Container.Content(movies) + Skin.HasSetting(DisableFlag_MovieAudioCodec)]</visible>
				<visible>![Container.Content(episodes) + Skin.HasSetting(DisableFlag_EpisodeAudioCodec)]</visible>
			</control>
			<control type="image">
				<include>MediaFlagValues</include>
				<texture>$VAR[MediaFlagsPathVar]/audiochannels/$INFO[ListItem.AudioChannels,,.png]</texture>
				<visible>![Container.Content(movies) + Skin.HasSetting(DisableFlag_MovieAudioChannels)]</visible>
				<visible>![Container.Content(episodes) + Skin.HasSetting(DisableFlag_EpisodeAudioChannels)]</visible>
			</control>
			<!-- LANGUAGE FLAGS -->
			<control type="grouplist">
				<width>170</width>
				<height>78</height>
				<align>center</align>
				<visible>!String.IsEmpty(Skin.String(LanguageFlags)) + [Container.Content(movies) | Container.Content(episodes)]</visible>
				<control type="grouplist">
					<width>170</width>
					<height>30</height>
					<orientation>horizontal</orientation>
					<itemgap>5</itemgap>
					<visible>String.IsEqual(Skin.String(LanguageFlags),1) | String.IsEqual(Skin.String(LanguageFlags),3)</visible>
					<control type="image">
						<width>28</width>
						<height>28</height>
						<aspectratio>keep</aspectratio>
						<colordiffuse>grey</colordiffuse>
						<texture>flags/audio.png</texture>
						<visible>!String.IsEmpty(ListItem.Property(AudioLanguage.1)) | !String.IsEmpty(ListItem.Property(AudioLanguage.2)) | !String.IsEmpty(ListItem.Property(AudioLanguage.3))</visible>
					</control>
					<control type="image">
						<width>30</width>
						<height>30</height>
						<aspectratio>keep</aspectratio>
						<colordiffuse>grey</colordiffuse>
						<texture>$VAR[PathFlagsLanguage]$INFO[ListItem.Property(AudioLanguage.1),,.png]</texture>
						<visible>!String.IsEmpty(ListItem.Property(AudioLanguage.1))</visible>
					</control>
					<control type="image">
						<width>30</width>
						<height>30</height>
						<aspectratio>keep</aspectratio>
						<colordiffuse>grey</colordiffuse>
						<texture>$VAR[PathFlagsLanguage]$INFO[ListItem.Property(AudioLanguage.2),,.png]</texture>
						<visible>!String.IsEmpty(ListItem.Property(AudioLanguage.2))</visible>
					</control>
					<control type="image">
						<width>30</width>
						<height>30</height>
						<aspectratio>keep</aspectratio>
						<colordiffuse>grey</colordiffuse>
						<texture>$VAR[PathFlagsLanguage]$INFO[ListItem.Property(AudioLanguage.3),,.png]</texture>
						<visible>!String.IsEmpty(ListItem.Property(AudioLanguage.3))</visible>
					</control>
				</control>
				<control type="grouplist">
					<top>30</top>
					<width>170</width>
					<height>30</height>
					<orientation>horizontal</orientation>
					<itemgap>5</itemgap>
					<visible>String.IsEqual(Skin.String(LanguageFlags),2) | String.IsEqual(Skin.String(LanguageFlags),3)</visible>
					<control type="image">
						<width>28</width>
						<height>28</height>
						<aspectratio>keep</aspectratio>
						<colordiffuse>grey</colordiffuse>
						<texture>flags/subtitles.png</texture>
						<visible>!String.IsEmpty(ListItem.Property(SubtitleLanguage.1)) | !String.IsEmpty(ListItem.Property(SubtitleLanguage.2)) | !String.IsEmpty(ListItem.Property(SubtitleLanguage.3))</visible>
					</control>
					<control type="image">
						<width>30</width>
						<height>30</height>
						<aspectratio>keep</aspectratio>
						<colordiffuse>grey</colordiffuse>
						<texture>$VAR[PathFlagsLanguage]$INFO[ListItem.Property(SubtitleLanguage.1),,.png]</texture>
						<visible>!String.IsEmpty(ListItem.Property(SubtitleLanguage.1))</visible>
					</control>
					<control type="image">
						<width>30</width>
						<height>30</height>
						<aspectratio>keep</aspectratio>
						<colordiffuse>grey</colordiffuse>
						<texture>$VAR[PathFlagsLanguage]$INFO[ListItem.Property(SubtitleLanguage.2),,.png]</texture>
						<visible>!String.IsEmpty(ListItem.Property(SubtitleLanguage.2))</visible>
					</control>
					<control type="image">
						<width>30</width>
						<height>30</height>
						<aspectratio>keep</aspectratio>
						<colordiffuse>grey</colordiffuse>
						<texture>$VAR[PathFlagsLanguage]$INFO[ListItem.Property(SubtitleLanguage.3),,.png]</texture>
						<visible>!String.IsEmpty(ListItem.Property(SubtitleLanguage.3))</visible>
					</control>
				</control>
			</control>
		</control>
	</include>
	<include name="MediaFlagsSets">
		<control type="grouplist">
			<animation effect="slide" end="390" condition="Control.IsVisible(57)">Conditional</animation>
			<left>$PARAM[sets_left]</left>
			<bottom>14</bottom>
			<width>680</width>
			<height>78</height>
			<orientation>horizontal</orientation>
			<align>$PARAM[sets_align]</align>
			<visible>$PARAM[sets_visible]</visible>
			<visible>ListItem.IsCollection</visible>
			<animation effect="fade" time="300" delay="200">Visible</animation>
			<control type="group">
				<visible>!String.IsEmpty(ListItem.Rating) + !Skin.HasSetting(DisableFlag_SetRating)</visible>
				<width>170</width>
				<control type="image">
					<width>60</width>
					<include>MediaFlagValues</include>
					<texture>flags/sets_rating.png</texture>
				</control>
				<control type="group">
					<left>62</left>
					<width>110</width>
					<height>78</height>
					<control type="label">
						<top>10</top>
						<height>39</height>
						<font>font13_bold</font>
						<textcolor>grey</textcolor>
						<label>$INFO[ListItem.Rating]</label>
					</control>
					<control type="label">
						<top>34</top>
						<height>39</height>
						<font>font10</font>
						<textcolor>grey</textcolor>
						<label>[LOWERCASE]$LOCALIZE[563][/LOWERCASE]</label>
					</control>
				</control>
			</control>
			<control type="group">
				<width>170</width>
				<visible>!String.IsEqual(Container(4500).NumItems,0) + !Skin.HasSetting(DisableFlag_SetCount)</visible>
				<control type="image">
					<top>-14</top>
					<width>106</width>
					<height>106</height>
					<include>MediaFlagValues</include>
					<texture>views/list/DefaultSets.png</texture>
				</control>
				<control type="group">
					<left>90</left>
					<width>110</width>
					<height>78</height>
					<control type="label">
						<top>10</top>
						<height>39</height>
						<font>font13_bold</font>
						<textcolor>grey</textcolor>
						<label>$INFO[Container(4500).NumItems]</label>
					</control>
					<control type="label">
						<top>34</top>
						<height>39</height>
						<font>font10</font>
						<textcolor>grey</textcolor>
						<label>$LOCALIZE[36901]</label>
					</control>
				</control>
			</control>
			<control type="group">
				<width>170</width>
				<visible>!String.IsEmpty(Container(4500).ListItem(0).Studio) + !Skin.HasSetting(DisableFlag_SetStudio)</visible>
				<control type="image" id="$PARAM[sets_studio_id]">
					<include>MediaFlagValues</include>
					<texture>$VAR[PathFlagsStudios]$INFO[Container(4500).ListItem(0).Studio,,.png]</texture>
				</control>
				<control type="label">
					<width>170</width>
					<height>78</height>
					<align>center</align>
					<label>$INFO[Container(4500).ListItem(0).Studio]</label>
					<font>font10</font>
					<textcolor>grey2</textcolor>
					<wrapmultiline>true</wrapmultiline>
					<visible>String.IsEmpty(Control.GetLabel($PARAM[sets_studio_id]))</visible>
				</control>
			</control>
			<control type="image">
				<include>MediaFlagValues</include>
				<texture>$VAR[MediaFlagsPathVar]/mpaa/$VAR[SetRatingFlagVar]</texture>
				<visible>!Skin.HasSetting(DisableFlag_SetMPAA)</visible>
			</control>
		</control>
	</include>
	<!-- <include name="MediaFlagsSplit">
	</include> -->
	<include name="MediaFlagsTV">
		<control type="grouplist">
			<left>$PARAM[tv_left]</left>
			<bottom>14</bottom>
			<width>1190</width>
			<height>78</height>
			<orientation>horizontal</orientation>
			<align>$PARAM[tv_align]</align>
			<visible>[$PARAM[tv_visible]] + Container.Content(tvshows)</visible>
			<animation effect="fade" time="300" delay="200">Visible</animation>
			<include condition="System.AddonIsEnabled(script.skinvariables) | System.AddonIsEnabled(plugin.video.themoviedb.helper)">RatingsMediaFlags</include>
			<control type="group">
				<visible>!Control.IsVisible(50) + !String.IsEmpty(ListItem.Studio) + !Skin.HasSetting(DisableFlag_TVStudio)</visible>
				<width>170</width>
				<control type="image" id="$PARAM[tv_studio_id]">
					<include>MediaFlagValues</include>
					<texture>$VAR[PathFlagsStudios]$INFO[ListItem.Studio,,.png]</texture>
				</control>
				<control type="label">
					<width>170</width>
					<height>78</height>
					<align>center</align>
					<font>font10</font>
					<textcolor>grey</textcolor>
					<wrapmultiline>true</wrapmultiline>
					<label>$INFO[ListItem.Studio]</label>
					<visible>String.IsEmpty(Control.GetLabel($PARAM[tv_studio_id]))</visible>
				</control>
			</control>
			<control type="image">
				<include>MediaFlagValues</include>
				<texture fallback="flags/default/mpaa/NR.png">$VAR[MediaFlagsPathVar]/mpaa/$VAR[RatingFlagVar]</texture>
				<visible>![String.IsEmpty(ListItem.MPAA) + String.StartsWith(Container.FolderPath,plugin://)]</visible>
				<visible>!Skin.HasSetting(DisableFlag_TVMPAA)</visible>
			</control>
			<control type="group">
				<width>170</width>
				<visible>!String.IsEmpty(ListItem.Property(TotalSeasons))</visible>
				<visible>!Skin.HasSetting(DisableFlag_TVSeasons)</visible>
				<control type="label">
					<height>50</height>
					<font>font48_bold</font>
					<textcolor>grey</textcolor>
					<align>center</align>
					<wrapmultiline>true</wrapmultiline>
					<label>$INFO[ListItem.Property(TotalSeasons)]</label>
				</control>
				<control type="label">
					<top>42</top>
					<height>30</height>
					<align>center</align>
					<label>[LOWERCASE]$VAR[OneOrMoreSeasonsVar][/LOWERCASE]</label>
					<font>font12</font>
					<textcolor>grey</textcolor>
				</control>
			</control>
			<control type="group">
				<visible>!String.IsEmpty(ListItem.Property(TotalEpisodes))</visible>
				<visible>!Skin.HasSetting(DisableFlag_TVEpisodes)</visible>
				<width>170</width>
				<control type="label">
					<height>50</height>
					<font>font48_bold</font>
					<textcolor>grey</textcolor>
					<align>center</align>
					<wrapmultiline>true</wrapmultiline>
					<label>$INFO[ListItem.Property(TotalEpisodes)]</label>
				</control>
				<control type="label">
					<top>42</top>
					<height>30</height>
					<font>font12</font>
					<textcolor>grey</textcolor>
					<align>center</align>
					<label>[LOWERCASE]$VAR[OneOrMoreEpisodesVar][/LOWERCASE]</label>
				</control>
			</control>
			<control type="group">
				<visible>!String.IsEmpty(ListItem.Property(UnWatchedEpisodes))</visible>
				<visible>!Skin.HasSetting(DisableFlag_TVUnWatchedEpisodes)</visible>
				<width>170</width>
				<control type="label">
					<height>50</height>
					<font>font48_bold</font>
					<textcolor>$VAR[UnWatchedEpColor]</textcolor>
					<align>center</align>
					<wrapmultiline>true</wrapmultiline>
					<label>$INFO[ListItem.Property(UnWatchedEpisodes)]</label>
				</control>
				<control type="label">
					<top>42</top>
					<height>30</height>
					<font>font12</font>
					<textcolor>$VAR[UnWatchedEpColor]</textcolor>
					<align>center</align>
					<label>[LOWERCASE]$LOCALIZE[16101][/LOWERCASE]</label>
				</control>
			</control>
		</control>
	</include>
	<include name="MediaFlagsSeason">
		<control type="grouplist">
			<left>$PARAM[tv_left]</left>
			<bottom>14</bottom>
			<width>1190</width>
			<height>78</height>
			<orientation>horizontal</orientation>
			<align>$PARAM[tv_align]</align>
			<visible>[$PARAM[season_visible]] + Container.Content(seasons)</visible>
			<animation effect="fade" time="300" delay="200">Visible</animation>
			<control type="group">
				<visible>!String.IsEmpty(ListItem.Studio)</visible>
				<visible>!Skin.HasSetting(DisableFlag_TVStudio)</visible>
				<width>170</width>
				<control type="image" id="$PARAM[season_studio_id]">
					<include>MediaFlagValues</include>
					<texture>$VAR[PathFlagsStudios]$INFO[ListItem.Studio,,.png]</texture>
				</control>
				<control type="label">
					<width>170</width>
					<height>78</height>
					<align>center</align>
					<font>font10</font>
					<textcolor>grey</textcolor>
					<wrapmultiline>true</wrapmultiline>
					<label>$INFO[ListItem.Studio]</label>
					<visible>String.IsEmpty(Control.GetLabel($PARAM[season_studio_id]))</visible>
				</control>
			</control>
			<control type="image">
				<include>MediaFlagValues</include>
				<texture fallback="flags/default/mpaa/NR.png">$VAR[MediaFlagsPathVar]/mpaa/$VAR[RatingFlagVar]</texture>
				<visible>![String.IsEmpty(ListItem.MPAA) + String.StartsWith(Container.FolderPath,plugin://)]</visible>
				<visible>!Skin.HasSetting(DisableFlag_TVMPAA)</visible>
			</control>
			<control type="group">
				<visible>!String.IsEmpty(ListItem.Property(TotalEpisodes))</visible>
				<visible>!Skin.HasSetting(DisableFlag_TVEpisodes)</visible>
				<width>170</width>
				<control type="label">
					<height>50</height>
					<font>font48_bold</font>
					<textcolor>grey</textcolor>
					<align>center</align>
					<wrapmultiline>true</wrapmultiline>
					<label>$INFO[ListItem.Property(TotalEpisodes)]</label>
				</control>
				<control type="label">
					<top>42</top>
					<height>30</height>
					<font>font12</font>
					<textcolor>grey</textcolor>
					<align>center</align>
					<label>[LOWERCASE]$VAR[OneOrMoreEpisodesVar][/LOWERCASE]</label>
				</control>
			</control>
			<control type="group">
				<visible>!String.IsEmpty(ListItem.Property(UnWatchedEpisodes))</visible>
				<visible>!Skin.HasSetting(DisableFlag_TVUnWatchedEpisodes)</visible>
				<width>170</width>
				<control type="label">
					<height>50</height>
					<font>font48_bold</font>
					<textcolor>$VAR[UnWatchedEpColor]</textcolor>
					<align>center</align>
					<wrapmultiline>true</wrapmultiline>
					<label>$INFO[ListItem.Property(UnWatchedEpisodes)]</label>
				</control>
				<control type="label">
					<top>42</top>
					<height>30</height>
					<font>font12</font>
					<textcolor>$VAR[UnWatchedEpColor]</textcolor>
					<align>center</align>
					<label>[LOWERCASE]$LOCALIZE[16101][/LOWERCASE]</label>
				</control>
			</control>
		</control>
	</include>
	<include name="RatingsMediaFlags">
		<control type="grouplist">
			<width>340</width>
			<orientation>horizontal</orientation>
			<control type="group">
				<visible>[!String.IsEmpty(Container(4501).ListItem.Property(ratings.tomatometerallcritics.rating)) | !String.IsEmpty(Container(9143).ListItem.Property(RottenTomatoes_Rating))] + [Container.Content(movies) | Container.Content(tvshows)]</visible>
				<visible>!Skin.HasSetting(DisableFlag_RTCritic)</visible>
				<width>170</width>
				<control type="image">
					<width>60</width>
					<include>MediaFlagValues</include>
					<texture>$VAR[RottenFreshLogoVar]</texture>
				</control>
				<control type="group">
					<left>62</left>
					<width>110</width>
					<height>78</height>
					<control type="label">
						<top>10</top>
						<height>39</height>
						<font>font13_bold</font>
						<textcolor>grey</textcolor>
						<label>$VAR[RottenFreshLabelVar]$VAR[RottenFreshLabel2Var]</label>
					</control>
					<control type="label">
						<top>34</top>
						<height>39</height>
						<font>font10</font>
						<textcolor>grey</textcolor>
						<label>$LOCALIZE[31475]</label>
					</control>
				</control>
			</control>
			<control type="group">
				<visible>[!String.IsEmpty(Container(4501).ListItem.Property(ratings.tomatometerallaudience.rating)) | !String.IsEmpty(Container(9143).ListItem.Property(RottenTomatoes_UserMeter))] + [Container.Content(movies) | Container.Content(tvshows)]</visible>
				<visible>!Skin.HasSetting(DisableFlag_RTAudience)</visible>
				<width>170</width>
				<control type="image">
					<width>60</width>
					<include>MediaFlagValues</include>
					<texture>$VAR[RottenFreshAudienceLogoVar]</texture>
				</control>
				<control type="group">
					<left>66</left>
					<width>110</width>
					<height>78</height>
					<control type="label">
						<top>10</top>
						<height>39</height>
						<font>font13_bold</font>
						<textcolor>grey</textcolor>
						<label>$VAR[RottenFreshAudienceLabelVar]$VAR[RottenFreshAudienceLabel2Var]</label>
					</control>
					<control type="label">
						<top>34</top>
						<height>39</height>
						<font>font10</font>
						<textcolor>grey</textcolor>
						<label>$LOCALIZE[31597]</label>
					</control>
				</control>
			</control>
			<control type="group">
				<visible>[!String.IsEmpty(Container(4501).ListItem.Property(ratings.themoviedb.rating)) | !String.IsEmpty(Container(4501).ListItem.Property(ratings.tmdb.rating)) | !String.IsEmpty(Container(9143).ListItem.Property(TMDb_Rating)) + !String.IsEqual(Container(9143).ListItem.Property(TMDb_Rating),0.0)] + !Container.Content(seasons)</visible>
				<visible>!Skin.HasSetting(DisableFlag_TMDb)</visible>
				<width>170</width>
				<control type="image">
					<width>60</width>
					<include>MediaFlagValues</include>
					<texture>logos/tmdb.png</texture>
				</control>
				<control type="label">
					<left>75</left>
					<width>95</width>
					<height>78</height>
					<font>font13_bold</font>
					<textcolor>grey</textcolor>
					<label>$VAR[TMDbRatingsLabelVar]</label>
				</control>
			</control>
			<control type="group">
				<visible>[!String.IsEmpty(Container(4501).ListItem.Property(ratings.trakt.rating)) | !String.IsEmpty(Container(9143).ListItem.Property(Trakt_Rating)) + !String.IsEqual(Container(9143).ListItem.Property(Trakt_Rating),0.0)] + !Container.Content(seasons)</visible>
				<visible>!Skin.HasSetting(DisableFlag_Trakt)</visible>
				<width>170</width>
				<control type="image">
					<width>60</width>
					<include>MediaFlagValues</include>
					<texture>logos/trakt-clearlogo.png</texture>
				</control>
				<control type="label">
					<left>66</left>
					<width>104</width>
					<height>78</height>
					<font>font13_bold</font>
					<textcolor>grey</textcolor>
					<label>$VAR[TraktRatingsLabelVar]</label>
				</control>
			</control>
			<control type="group">
				<visible>[!String.IsEmpty(Container(4501).ListItem.Property(ratings.imdb.rating)) | !String.IsEmpty(Container(9143).ListItem.Property(IMDb_Rating)) + !String.IsEqual(Container(9143).ListItem.Property(IMDb_Rating),0.0)] + !Container.Content(seasons)</visible>
				<visible>!Skin.HasSetting(DisableFlag_IMDb)</visible>
				<width>170</width>
				<control type="image">
					<width>60</width>
					<include>MediaFlagValues</include>
					<texture>logos/imdb.png</texture>
				</control>
				<control type="label">
					<left>75</left>
					<width>95</width>
					<height>78</height>
					<font>font13_bold</font>
					<textcolor>grey</textcolor>
					<label>$VAR[IMDbRatingsLabelVar]</label>
				</control>
			</control>
		</control>
	</include>
</includes>