<?xml version="1.0" encoding="UTF-8"?>
<includes>
	<include name="View_504_Gallery">
		<control type="group">
			<include>ViewAnimation</include>
			<visible>Control.IsVisible(504)</visible>
			<control type="label">
				<left>398</left>
				<top>600</top>
				<label>[B]$INFO[ListItem.Label][/B]</label>
				<width>1125</width>
				<font>font16_title</font>
				<textcolor>white</textcolor>
				<shadowcolor>shadow</shadowcolor>
				<visible>!Window.IsActive(pictures)</visible>
			</control>
			<control type="label">
				<left>397.5</left>
				<top>600</top>
				<align>center</align>
				<label>[B]$INFO[ListItem.Label][/B]</label>
				<width>1125</width>
				<font>font16_title</font>
				<textcolor>white</textcolor>
				<shadowcolor>shadow</shadowcolor>
				<visible>Window.IsActive(pictures)</visible>
			</control>
			<control type="image">
				<left>1459</left>
				<top>826</top>
				<width>68</width>
				<height>30</height>
				<aspectratio>keep</aspectratio>
				<texture colordiffuse="white">$VAR[UnFocusHDIndicator]</texture>
				<visible>Container.Content(movies) + Skin.HasSetting(noindicatorgallery)</visible>
			</control>
			<control type="label">
				<left>398</left>
				<top>860</top>
				<width>1125</width>
				<height>30</height>
				<textcolor>white</textcolor>
				<shadowcolor>shadow</shadowcolor>
				<label>$VAR[FloorSubLabelVar]</label>
				<visible>!Container.Content(artists)</visible>
				<visible>!ListItem.IsCollection</visible>
			</control>
			<control type="label">
				<left>398</left>
				<top>892</top>
				<width>1125</width>
				<height>30</height>
				<textcolor>white</textcolor>
				<shadowcolor>shadow</shadowcolor>
				<label>$INFO[ListItem.Genre]</label>
			</control>
			<control type="label">
				<top>890</top>
				<left>398</left>
				<width>1220</width>
				<height>100</height>
				<textcolor>white</textcolor>
				<shadowcolor>shadow</shadowcolor>
				<label>$LOCALIZE[19031]: $INFO[Container(9143).ListItem.Property(Next_Aired),, • ]$INFO[Container(9143).ListItem.Property(Next_Aired.Season),S]$INFO[Container(9143).ListItem.Property(Next_Aired.Episode),E, - ]$INFO[Container(9143).ListItem.Property(Next_Aired.Name)]</label>
				<visible>[!String.IsEmpty(Container(9143).ListItem.Property(Next_Aired)) + !Control.HasFocus(61)] + !Skin.HasSetting(Disable.NextAired)</visible>
			</control>
			<control type="label">
				<top>890</top>
				<left>398</left>
				<width>1220</width>
				<height>100</height>
				<textcolor>white</textcolor>
				<shadowcolor>shadow</shadowcolor>
				<label>$INFO[Container(9143).ListItem.Property(Status)]</label>
				<visible>[String.IsEmpty(Container(9143).ListItem.Property(Next_Aired)) + !String.IsEmpty(Container(9143).ListItem.Property(Status)) + !Control.HasFocus(61)] + !Skin.HasSetting(Disable.NextAired) + !Container.Content(movies)</visible>
			</control>
			<control type="label">
				<left>398</left>
				<top>860</top>
				<width>1125</width>
				<height>30</height>
				<textcolor>white</textcolor>
				<shadowcolor>shadow</shadowcolor>
				<label>$INFO[ListItem.Property(Artist_Genre)]</label>
				<visible>Container.Content(artists)</visible>
			</control>
		</control>
		<control type="group">
			<visible>Control.IsVisible(504)</visible>
			<include>ViewAnimation</include>
			<control type="fixedlist" id="504">
				<viewtype label="$LOCALIZE[31251]">info</viewtype>
				<left>-772</left>
				<top>150</top>
				<width>2850</width>
				<height>1200</height>
				<onleft>504</onleft>
				<onright>504</onright>
				<onup>SetProperty(MediaMenu,True,Home)</onup>
				<onup>SetFocus(9050)</onup>
				<ondown condition="Control.IsVisible(50461)">50461</ondown>
				<ondown condition="Control.IsVisible(615) + !Control.IsVisible(50461)">616</ondown>
				<ondown condition="!Control.IsVisible(615) + !Control.IsVisible(50461)">4400</ondown>
				<preloaditems>2</preloaditems>
				<focusposition>1</focusposition>
				<orientation>horizontal</orientation>
				<visible>!Skin.HasSetting(skinvariables.viewtypes) + [Container.Content(movies) | Container.Content(tvshows) | Window.IsActive(pictures) | Container.Content(artists) | Container.Content(sets)] | Skin.HasSetting(skinvariables.viewtypes) + $EXP[Exp_View_504]</visible>
				<itemlayout width="1125" height="663">
					<control type="group">
						<left>45</left>
						<top>15</top>
						<control type="image">
							<width>1125</width>
							<height>633</height>
							<texture>colors/black75.png</texture>
						</control>
						<control type="image">
							<visible>!Window.IsActive(pictures)</visible>
							<width>1125</width>
							<height>633</height>
							<aspectratio align="center" aligny="center">scale</aspectratio>
							<texture fallback="special://skin/extras/backgrounds/fallback_movies.jpg" background="true" colordiffuse="BFFFFFFF">$INFO[ListItem.Art(fanart)]</texture>
						</control>
						<control type="image">
							<visible>Window.IsActive(pictures)</visible>
							<width>1125</width>
							<height>633</height>
							<aspectratio align="center" aligny="center">keep</aspectratio>
							<texture background="true" colordiffuse="BFFFFFFF">$INFO[ListItem.Art(thumb)]</texture>
						</control>
						<include content="PosterStatusOverlay">
							<param name="left">1065</param>
							<param name="size">60</param>
							<param name="visible">!String.IsEmpty(Skin.String(504.Movies.DisableOverlay)) + [Container.Content(movies) | Container.Content(sets)] | [!String.IsEmpty(Skin.String(504.TV.DisableOverlay)) + Container.Content(tvshows)]</param>
						</include>
					</control>
				</itemlayout>
				<focusedlayout width="1125" height="633">
					<control type="group">
						<left>45</left>
						<top>15</top>
						<control type="image">
							<width>1125</width>
							<height>633</height>
							<texture>colors/black75.png</texture>
						</control>
						<control type="image">
							<visible>ListItem.IsFolder</visible>
							<width>1125</width>
							<height>633</height>
							<texture border="8">colors/black75.png</texture>
							<bordersize>8</bordersize>
							<bordertexture border="8" infill="false" colordiffuse="$VAR[HighlightBarColor]">colors/white.png</bordertexture>
						</control>
						<control type="image">
							<visible>!Window.IsActive(pictures)</visible>
							<width>1125</width>
							<height>633</height>
							<aspectratio align="center" aligny="center">scale</aspectratio>
							<texture border="8" fallback="special://skin/extras/backgrounds/fallback_movies.jpg" background="true">$INFO[ListItem.Art(fanart)]</texture>
							<bordertexture border="8" infill="false" colordiffuse="$VAR[HighlightBarColor]">colors/white.png</bordertexture>
							<bordersize>8</bordersize>
						</control>
						<control type="group">
							<visible>![Window.IsActive(pictures) | Container.Content(artists)]</visible>
							<include content="PosterStatusOverlay">
								<param name="left">1057</param>
								<param name="top">8</param>
								<param name="size">60</param>
								<param name="visible">!String.IsEmpty(Skin.String(504.Movies.DisableOverlay)) + [Container.Content(movies) | Container.Content(sets)] | [!String.IsEmpty(Skin.String(504.TV.DisableOverlay)) + Container.Content(tvshows)]</param>
							</include>
							<include condition="Skin.HasSetting(Disable.UnwatchedIcon)" content="UnwatchedEpisodeOverlay">
								<param name="left">8</param>
								<param name="top">8</param>
							</include>
							<control type="image">
								<top>420</top>
								<width>1125</width>
								<height>168</height>
								<aspectratio align="center">keep</aspectratio>
								<texture background="true">$INFO[ListItem.Art(clearlogo)]</texture>
							</control>
						</control>
						<control type="image">
							<visible>Window.IsActive(pictures)</visible>
							<width>1125</width>
							<height>633</height>
							<aspectratio align="center" aligny="center">keep</aspectratio>
							<texture border="8" background="true">$INFO[ListItem.Art(thumb)]</texture>
							<bordersize>8</bordersize>
							<bordertexture border="8" infill="false" colordiffuse="$VAR[HighlightBarColor]">colors/white.png</bordertexture>
						</control>
					</control>
				</focusedlayout>
			</control>
			<control type="textbox">
				<top>865</top>
				<left>400</left>
				<width>1070</width>
				<height>200</height>
				<label>$VAR[VideoPlotVar]</label>
				<font>font14_textbox</font>
				<autoscroll time="2500" delay="3500" repeat="5000">true</autoscroll>
				<textcolor>white</textcolor>
				<shadowcolor>shadow</shadowcolor>
				<pagecontrol>50461</pagecontrol>
				<visible>ListItem.IsCollection</visible>
			</control>
			<control type="scrollbar" id="50461">
				<left>1500</left>
				<top>875</top>
				<width>14</width>
				<height>200</height>
				<onup>50461</onup>
				<ondown>50461</ondown>
				<onleft>504</onleft>
				<onright>504</onright>
				<texturesliderbackground colordiffuse="1AFFFFFF">colors/white50.png</texturesliderbackground>
				<texturesliderbar colordiffuse="1AFFFFFF">colors/white.png</texturesliderbar>
				<texturesliderbarfocus colordiffuse="$VAR[ThemeLabelColor]">colors/white.png</texturesliderbarfocus>
				<showonepage>false</showonepage>
				<visible>ListItem.IsCollection</visible>
			</control>
		</control>
	</include>
</includes>