<?xml version="1.0" encoding="UTF-8"?>
<window>
    <defaultcontrol always="true">6001</defaultcontrol>
    <animation effect="fade" start="0" end="100" time="300" delay="200" condition="Window.IsActive(DialogSeekBar.xml) | Window.IsVisible(1152)">WindowOpen</animation>
    <animation effect="fade" start="0" end="100" time="300" condition="![Window.IsActive(DialogSeekBar.xml) | Window.IsVisible(1152)]">WindowOpen</animation>
    <animation effect="fade" end="0" start="100" time="300">WindowClose</animation>
    <onload>SetProperty(UID,$ESCINFO[Player.Title]$INFO[Player.Time(ss)],1146)</onload>
    <onload>SetProperty(UID,$ESCINFO[Player.Title]$INFO[Player.Time(ss)],1147)</onload>
    <onunload>CancelAlarm(osd_timeout,true)</onunload>
    <controls>

        <control type="group">
            <include>OSD_HideControls</include>

            <control type="group">
                <visible>!Window.IsActive(DialogPlayerProcessInfo.xml)</visible>
                <visible>!Window.IsVisible(DialogSlider.xml)</visible>

                <control type="group">
                    <!-- Left Side Buttons -->
                    <left>view_pad</left>
                    <right>view_pad</right>
                    <control type="grouplist" id="6091">
                        <centerbottom>80</centerbottom>
                        <height>120</height>
                        <left>-10</left>
                        <orientation>horizontal</orientation>
                        <itemgap>osd_itemgap</itemgap>
                        <onleft>6009</onleft>
                        <onright>6005</onright>
                        <ondown>ActivateWindow($VAR[Action_OSD_Main_OnDown])</ondown>

                        <!-- Button 1 -->
                        <control type="button" id="6001">
                            <include>Defs_OSD_Button</include>
                            <onclick>PlayerControl(Play)</onclick>
                            <onfocus condition="Player.Forwarding | Player.Rewinding">PlayerControl(Play)</onfocus>
                            <onunfocus condition="Player.Forwarding | Player.Rewinding">PlayerControl(Play)</onunfocus>
                            <onup>8200</onup>
                        </control>
                        <include content="OSD_Button_Icon_Overlay">
                            <param name="icon">$VAR[Image_OSD_PlayPause]</param>
                            <param name="id">6001</param>
                            <param name="groupid">6101</param>
                            <param name="itemgap">osd_itemgap</param>
                        </include>

                        <!-- Button 2 -->
                        <control type="button" id="6002">
                            <include>Defs_OSD_Button</include>
                            <onclick condition="VideoPlayer.Content(livetv)">CancelAlarm(osd_timeout,true)</onclick>
                            <onclick condition="VideoPlayer.Content(livetv)">Close</onclick>
                            <onclick condition="VideoPlayer.Content(livetv)">ActivateWindow(TVGuide)</onclick>
                            <onclick condition="!VideoPlayer.Content(livetv)">$VAR[Action_OSD_SkipPrev]</onclick>
                            <onup>8200</onup>
                        </control>
                        <include content="OSD_Button_Icon_Overlay" condition="!VideoPlayer.Content(livetv)">
                            <param name="icon">$VAR[Image_OSD_SkipPrev]</param>
                            <param name="id">6002</param>
                            <param name="groupid">6102</param>
                            <param name="itemgap">osd_itemgap</param>
                        </include>
                        <include content="OSD_Button_Icon_Overlay" condition="VideoPlayer.Content(livetv)">
                            <param name="icon">special://skin/extras/icons/list.png</param>
                            <param name="id">6002</param>
                            <param name="groupid">6102</param>
                            <param name="itemgap">osd_itemgap</param>
                        </include>

                        <!-- Button 3 -->
                        <control type="button" id="6003">
                            <include>Defs_OSD_Button</include>
                            <onclick condition="VideoPlayer.Content(livetv)">PVR.ToggleRecordPlayingChannel</onclick>
                            <onup>8200</onup>
                            <onfocus condition="!VideoPlayer.Content(livetv)">ActivateWindow(1143)</onfocus>
                            <enable>PVR.CanRecordPlayingChannel | !VideoPlayer.Content(livetv)</enable>
                            <label>$VAR[Label_OSD_PVR_Recording]</label>
                        </control>
                        <include content="OSD_Button_Icon_Overlay" condition="!VideoPlayer.Content(livetv)">
                            <param name="icon">$VAR[Image_OSD_SkipNext]</param>
                            <param name="id">6003</param>
                            <param name="groupid">6103</param>
                            <param name="itemgap">osd_itemgap</param>
                        </include>
                        <include content="OSD_Button_Icon_Overlay" condition="VideoPlayer.Content(livetv)">
                            <param name="icon">special://skin/extras/icons/record-vinyl.png</param>
                            <param name="id">6003</param>
                            <param name="groupid">6103</param>
                            <param name="itemgap">osd_itemgap</param>
                            <param name="iconoffset_condition">[PVR.IsRecordingPlayingChannel + PVR.CanRecordPlayingChannel]</param>
                        </include>

                        <!-- Button 4 -->
                        <control type="button" id="6004">
                            <include>Defs_OSD_Button</include>
                            <onclick>CancelAlarm(osd_timeout,true)</onclick>
                            <onclick>PlayerControl(Stop)</onclick>
                            <onup>8200</onup>
                        </control>
                        <include content="OSD_Button_Icon_Overlay">
                            <param name="icon">special://skin/extras/icons/stop.png</param>
                            <param name="id">6004</param>
                            <param name="groupid">6104</param>
                            <param name="itemgap">osd_itemgap</param>
                        </include>
                    </control>

                    <!-- Right Side Buttons -->
                    <control type="grouplist" id="6092">
                        <centerbottom>80</centerbottom>
                        <height>120</height>
                        <right>-10</right>
                        <orientation>horizontal</orientation>
                        <itemgap>osd_itemgap</itemgap>
                        <align>right</align>
                        <onleft>6004</onleft>
                        <onright>6001</onright>
                        <ondown>ActivateWindow($VAR[Action_OSD_Main_OnDown])</ondown>

                        <!-- Button 5 -->
                        <control type="button" id="6005">
                            <include>Defs_OSD_Button</include>
                            <onup>ActivateWindow(1145)</onup>
                            <onfocus>ActivateWindow(1145)</onfocus>
                            <onclick>CancelAlarm(osd_timeout,true)</onclick>
                            <onclick>$VAR[Action_OSD_WikiInfo]</onclick>
                        </control>
                        <include content="OSD_Button_Icon_Overlay">
                            <param name="icon">special://skin/extras/icons/info2.png</param>
                            <param name="id">6005</param>
                            <param name="groupid">6105</param>
                            <param name="itemgap">osd_itemgap</param>
                        </include>

                        <!-- Button 6 -->
                        <control type="button" id="6006">
                            <include>Defs_OSD_Button</include>
                            <label>$INFO[VideoPlayer.AudioLanguage,[UPPERCASE],[/UPPERCASE]]</label>
                            <onup>ActivateWindow(1146)</onup>
                            <onfocus>ActivateWindow(1146)</onfocus>
                            <onclick>CancelAlarm(osd_timeout,true)</onclick>
                            <onclick>ActivateWindow(osdaudiosettings)</onclick>
                        </control>
                        <include content="OSD_Button_Icon_Overlay">
                            <param name="icon">special://skin/extras/icons/volume.png</param>
                            <param name="id">6006</param>
                            <param name="groupid">6106</param>
                            <param name="itemgap">osd_itemgap</param>
                            <param name="iconoffset_condition">!String.IsEmpty(VideoPlayer.AudioLanguage)</param>
                        </include>

                        <!-- Button 7 -->
                        <control type="button" id="6007">
                            <include>Defs_OSD_Button</include>
                            <label>$VAR[Label_OSD_SubtitlesLanguage]</label>
                            <onup>ActivateWindow(1147)</onup>
                            <onfocus>ActivateWindow(1147)</onfocus>
                            <onclick>CancelAlarm(osd_timeout,true)</onclick>
                            <onclick>ActivateWindow(osdsubtitlesettings)</onclick>
                        </control>
                        <include content="OSD_Button_Icon_Overlay">
                            <param name="icon">special://skin/extras/icons/quote.png</param>
                            <param name="id">6007</param>
                            <param name="groupid">6107</param>
                            <param name="itemgap">osd_itemgap</param>
                            <param name="iconoffset_condition">[VideoPlayer.SubtitlesEnabled + !String.IsEmpty(VideoPlayer.SubtitlesLanguage)]</param>
                        </include>

                        <!-- Button 8 -->
                        <control type="button" id="6008">
                            <include>Defs_OSD_Button</include>
                            <onclick>CancelAlarm(osd_timeout,true)</onclick>
                            <onclick>ActivateWindow(osdvideosettings)</onclick>
                            <onup>ActivateWindow(1148)</onup>
                            <onfocus>ActivateWindow(1148)</onfocus>
                        </control>
                        <include content="OSD_Button_Icon_Overlay">
                            <param name="icon">special://skin/extras/icons/video.png</param>
                            <param name="id">6008</param>
                            <param name="groupid">6108</param>
                            <param name="itemgap">osd_itemgap</param>
                        </include>

                        <!-- Button 9 -->
                        <control type="button" id="6009">
                            <include>Defs_OSD_Button</include>
                            <onclick>CancelAlarm(osd_timeout,true)</onclick>
                            <onup>ActivateWindow(1159)</onup>
                            <onfocus>ActivateWindow(1159)</onfocus>
                        </control>
                        <include content="OSD_Button_Icon_Overlay">
                            <param name="icon">special://skin/extras/icons/ppi.png</param>
                            <param name="id">6009</param>
                            <param name="groupid">6109</param>
                            <param name="itemgap">osd_itemgap</param>
                        </include>
                    </control>
                </control>

            </control>

            <control type="group">
                <left>view_osd_l</left>
                <right>view_osd_r</right>
                <height>112</height>
                <centerbottom>180</centerbottom>
                <control type="group">
                    <left>-56</left>
                    <right>-56</right>
                    <control type="progress">
                        <texturebg colordiffuse="00ffffff">progress/slider_bg.png</texturebg>
                        <righttexture colordiffuse="panel_fg_100">progress/slider_nib.png</righttexture>
                        <lefttexture />
                        <midtexture />
                        <info>Player.Progress</info>
                        <visible>Control.HasFocus(8200)</visible>
                        <visible>!Pvr.IsPlayingTv</visible>
                    </control>
                    <control type="progress">
                        <texturebg colordiffuse="00ffffff">progress/slider_bg.png</texturebg>
                        <righttexture colordiffuse="panel_fg_100">progress/slider_nib.png</righttexture>
                        <lefttexture />
                        <midtexture />
                        <info>PVR.EpgEventProgress</info>
                        <visible>Control.HasFocus(8200)</visible>
                        <visible>Pvr.IsPlayingTv</visible>
                    </control>
                    <control type="slider" id="8200">
                        <info>Player.Progress</info>
                        <action>seek</action>
                        <texturesliderbar />
                        <textureslidernib />
                        <textureslidernibfocus />
                        <ondown>6091</ondown>
                    </control>
                </control>
            </control>
        </control>
    </controls>
</window>