<?xml version="1.0" encoding="UTF-8"?>
<window type="dialog" id="1180">
    <defaultcontrol always="true">9000</defaultcontrol>
    <onunload>ClearProperty(CustomDialogPresetTitle,Home)</onunload>
    <onunload>ClearProperty(CustomDialogPresetItems,Home)</onunload>
    <controls>
        <include>Object_Overlay</include>
        <include content="Dialog_Background">
            <include>Animation_SlideIn_Dialog</include>
            <width>optionsmenu_w</width>
            <height>480</height>
            <centertop>50%</centertop>
            <centerleft>50%</centerleft>
            <include content="Object_MenuHeader">
                <param name="label">$LOCALIZE[32065]</param>
            </include>
            <include content="Object_Control">
                <param name="control" value="grouplist" />
                <param name="id" value="9000" />
                <top>120</top>
                <bottom>40</bottom>
                <orientation>vertical</orientation>
                <itemgap>0</itemgap>
                <onleft>Close</onleft>
                <onright>Close</onright>
                <include content="Dialog_Settings_Button">
                    <param name="id" value="9034" />
                    <param name="control" value="button" />
                    <label>$LOCALIZE[32064]</label>
                    <selected>Integer.IsEqual(Player.Process(amlogic.vs10.mode.raw),5) | [[Integer.IsEqual(Player.Process(amlogic.vs10.mode.raw),0) | Integer.IsEqual(Player.Process(amlogic.vs10.mode.raw),1)] + String.Contains(Player.Process(video.hdr.type),Dolby)]</selected>
                    <onclick>Action(vs10.original)</onclick>
                    <onclick>Dialog.Close(1180)</onclick>
                </include>
				<include content="Dialog_Settings_Button">
                    <param name="id" value="9035" />
                    <param name="control" value="button" />
                    <label>VS10 SDR</label>
                    <selected>Integer.IsEqual(Player.Process(amlogic.vs10.mode.raw),3)</selected>
                    <onclick>Action(vs10.sdr)</onclick>
                    <onclick>Dialog.Close(1180)</onclick>
                </include>
                <include content="Dialog_Settings_Button">
                    <param name="id" value="9036" />
                    <param name="control" value="button" />
                    <visible>[String.Contains(Player.Process(video.hdr.type),SDR) | String.Contains(Player.Process(video.hdr.type),HLG)]</visible>
                    <label>VS10 HDR10</label>
                    <selected>Integer.IsEqual(Player.Process(amlogic.vs10.mode.raw),2)</selected>
                    <onclick>Action(vs10.hdr10)</onclick>
                    <onclick>Dialog.Close(1180)</onclick>
                </include>
                <include content="Dialog_Settings_Button">
                    <param name="id" value="9037" />
                    <param name="control" value="button" />
                    <visible>String.Contains(Player.Process(video.hdr.type),SDR) | String.Contains(Player.Process(video.hdr.type),HDR)</visible>
                    <label>VS10 Dolby Vision</label>
                    <selected>[Integer.IsEqual(Player.Process(amlogic.vs10.mode.raw),0) | Integer.IsEqual(Player.Process(amlogic.vs10.mode.raw),1)] + !String.Contains(Player.Process(video.hdr.type),Dolby)</selected>
                    <onclick>Action(vs10.dv)</onclick>
                    <onclick>Dialog.Close(1180)</onclick>
                </include>
            </include>
        </include>
    </controls>
</window>